student_uid,cohort_code,study,university,semester,gender,first_generation,underrepresented,avg_sleep_minutes,avg_sleep_hours,daytime_sleep_minutes,sleep_midpoint_minutes,sleep_midpoint_clock,bedtime_variability,nights_tracked_fraction,prior_gpa,term_gpa,gpa_change,term_units,term_load_z,under_6h_sleep,sleep_bracket
lac2-001,lac2,1,Carnegie Mellon University,Spring 2018,Female,0.0,0.0,370.0,6.17,11.7,500.3,08:20,0.05,0.931,4.0,3.76,-0.24,49.0,0.112,0,6-6.5h
lac2-002,lac2,1,Carnegie Mellon University,Spring 2018,Female,0.0,0.0,406.8,6.78,49.7,359.5,06:00,0.0476,0.862,4.0,3.55,-0.45,49.0,0.112,0,6.5-7h
lac2-003,lac2,1,Carnegie Mellon University,Spring 2018,Female,0.0,1.0,253.8,4.23,178.5,398.2,06:38,0.1639,0.586,3.0,3.59,0.59,46.0,-0.604,1,<5.5h
lac2-004,lac2,1,Carnegie Mellon University,Spring 2018,Female,0.0,0.0,411.9,6.86,26.1,532.1,08:52,0.7854,0.931,3.8,3.46,-0.34,39.0,-2.275,0,6.5-7h
lac2-005,lac2,1,Carnegie Mellon University,Spring 2018,Female,0.0,1.0,408.1,6.8,71.6,354.0,05:54,0.1538,0.931,3.17,3.5,0.33,39.0,-2.275,0,6.5-7h
lac2-006,lac2,1,Carnegie Mellon University,Spring 2018,Male,1.0,1.0,346.8,5.78,78.1,541.3,09:01,1.0689,0.724,2.37,2.54,0.17,49.0,0.112,1,5.5-6h
lac2-007,lac2,1,Carnegie Mellon University,Spring 2018,Male,0.0,0.0,340.0,5.67,42.5,492.5,08:12,0.6244,0.759,3.4,3.5,0.1,45.0,-0.843,1,5.5-6h
lac2-008,lac2,1,Carnegie Mellon University,Spring 2018,Male,0.0,1.0,414.3,6.91,38.0,467.3,07:47,0.4093,0.931,2.53,2.4,-0.13,48.0,-0.127,0,6.5-7h
lac2-009,lac2,1,Carnegie Mellon University,Spring 2018,Male,0.0,0.0,381.2,6.35,34.7,446.8,07:27,0.1745,0.966,2.79,3.37,0.58,49.0,0.112,0,6-6.5h
lac2-010,lac2,1,Carnegie Mellon University,Spring 2018,Female,0.0,0.0,430.1,7.17,19.4,471.7,07:52,0.4159,0.828,4.0,3.61,-0.39,47.0,-0.366,0,7-7.5h
lac2-011,lac2,1,Carnegie Mellon University,Spring 2018,Female,0.0,0.0,357.7,5.96,35.4,431.5,07:12,0.1069,0.862,4.0,3.44,-0.56,54.0,1.305,1,5.5-6h
lac2-012,lac2,1,Carnegie Mellon University,Spring 2018,Male,1.0,1.0,447.4,7.46,23.4,267.8,04:28,0.04,1.0,4.0,3.81,-0.19,48.0,-0.127,0,7-7.5h
lac2-013,lac2,1,Carnegie Mellon University,Spring 2018,Female,0.0,0.0,402.1,6.7,52.9,444.3,07:24,0.0451,0.931,3.79,4.0,0.21,46.0,-0.604,0,6.5-7h
lac2-014,lac2,1,Carnegie Mellon University,Spring 2018,,0.0,0.0,315.6,5.26,18.5,436.2,07:16,0.1719,1.0,3.2,3.63,0.43,55.0,1.543,1,<5.5h
lac2-015,lac2,1,Carnegie Mellon University,Spring 2018,Female,0.0,0.0,367.8,6.13,10.6,425.3,07:05,0.1882,1.0,3.57,3.81,0.24,51.0,0.589,0,6-6.5h
lac2-016,lac2,1,Carnegie Mellon University,Spring 2018,Female,0.0,0.0,366.4,6.11,35.6,406.2,06:46,0.6453,0.931,3.7,3.57,-0.13,50.0,0.35,0,6-6.5h
lac2-017,lac2,1,Carnegie Mellon University,Spring 2018,Female,0.0,0.0,455.6,7.59,23.5,434.1,07:14,0.1099,0.897,4.0,4.0,0.0,51.0,0.589,0,7.5h+
lac2-018,lac2,1,Carnegie Mellon University,Spring 2018,Female,0.0,0.0,330.9,5.51,40.3,551.2,09:11,0.7578,0.655,2.92,3.12,0.2,50.0,0.35,1,5.5-6h
lac2-019,lac2,1,Carnegie Mellon University,Spring 2018,Female,0.0,0.0,406.7,6.78,11.0,391.4,06:31,0.3475,0.897,3.74,3.81,0.07,52.0,0.827,0,6.5-7h
lac2-020,lac2,1,Carnegie Mellon University,Spring 2018,Male,0.0,0.0,350.7,5.84,32.0,349.4,05:49,1.24,0.793,3.29,3.39,0.1,49.0,0.112,1,5.5-6h
lac2-021,lac2,1,Carnegie Mellon University,Spring 2018,Male,0.0,0.0,357.7,5.96,30.9,451.5,07:32,0.2978,0.759,3.59,3.38,-0.21,49.0,0.112,1,5.5-6h
lac2-022,lac2,1,Carnegie Mellon University,Spring 2018,Female,0.0,0.0,455.4,7.59,26.9,308.5,05:08,0.0242,0.966,3.48,2.98,-0.5,48.0,-0.127,0,7.5h+
lac2-023,lac2,1,Carnegie Mellon University,Spring 2018,Female,0.0,0.0,299.1,4.98,28.3,415.0,06:55,0.5407,0.724,4.0,4.0,0.0,51.0,0.589,1,<5.5h
lac2-024,lac2,1,Carnegie Mellon University,Spring 2018,Female,0.0,0.0,343.1,5.72,24.5,493.5,08:14,0.1737,0.897,3.07,4.0,0.93,48.0,-0.127,1,5.5-6h
lac2-025,lac2,1,Carnegie Mellon University,Spring 2018,Male,0.0,0.0,376.6,6.28,6.2,473.5,07:54,0.0854,1.0,3.48,3.46,-0.02,47.0,-0.366,0,6-6.5h
lac2-026,lac2,1,Carnegie Mellon University,Spring 2018,Female,0.0,0.0,398.0,6.63,19.0,502.7,08:23,0.4645,0.379,4.0,4.0,0.0,45.0,-0.843,0,6.5-7h
lac2-027,lac2,1,Carnegie Mellon University,Spring 2018,Male,0.0,0.0,411.8,6.86,55.4,459.0,07:39,0.1208,0.828,3.77,3.57,-0.2,47.0,-0.366,0,6.5-7h
lac2-028,lac2,1,Carnegie Mellon University,Spring 2018,Male,0.0,0.0,422.1,7.04,72.3,402.2,06:42,0.2994,1.0,3.22,3.58,0.36,53.0,1.066,0,7-7.5h
lac2-029,lac2,1,Carnegie Mellon University,Spring 2018,Female,0.0,0.0,283.1,4.72,30.7,585.2,09:45,1.9888,0.621,3.81,3.56,-0.25,48.0,-0.127,1,<5.5h
lac2-030,lac2,1,Carnegie Mellon University,Spring 2018,Male,0.0,0.0,425.3,7.09,52.9,375.2,06:15,0.1063,1.0,3.74,3.81,0.07,52.0,0.827,0,7-7.5h
lac2-031,lac2,1,Carnegie Mellon University,Spring 2018,Female,0.0,0.0,338.7,5.64,13.9,424.4,07:04,0.1341,0.966,3.4,3.81,0.41,51.0,0.589,1,5.5-6h
lac2-032,lac2,1,Carnegie Mellon University,Spring 2018,Male,0.0,0.0,362.1,6.03,31.1,415.0,06:55,1.217,0.724,3.8,3.61,-0.19,56.0,1.782,0,6-6.5h
lac2-033,lac2,1,Carnegie Mellon University,Spring 2018,Female,0.0,0.0,427.3,7.12,46.2,487.5,08:08,0.1257,0.862,3.76,3.72,-0.04,43.0,-1.32,0,7-7.5h
lac2-034,lac2,1,Carnegie Mellon University,Spring 2018,Female,0.0,0.0,397.9,6.63,58.8,374.6,06:15,0.1244,0.448,3.6,4.0,0.4,51.0,0.589,0,6.5-7h
lac2-035,lac2,1,Carnegie Mellon University,Spring 2018,Female,0.0,0.0,413.8,6.9,47.1,408.0,06:48,0.1976,0.966,3.79,3.0,-0.79,51.0,0.589,0,6.5-7h
lac2-036,lac2,1,Carnegie Mellon University,Spring 2018,Male,0.0,0.0,340.0,5.67,25.1,489.2,08:09,0.0994,0.931,3.56,3.59,0.03,46.0,-0.604,1,5.5-6h
lac2-037,lac2,1,Carnegie Mellon University,Spring 2018,Female,0.0,0.0,373.9,6.23,34.5,383.4,06:23,0.0624,0.862,3.29,3.28,-0.01,45.0,-0.843,0,6-6.5h
lac2-038,lac2,1,Carnegie Mellon University,Spring 2018,Female,0.0,0.0,452.5,7.54,82.3,407.1,06:47,0.6102,0.517,4.0,4.0,0.0,55.0,1.543,0,7.5h+
lac2-039,lac2,1,Carnegie Mellon University,Spring 2018,Female,0.0,0.0,301.3,5.02,21.2,486.2,08:06,0.2097,1.0,3.58,3.24,-0.34,56.0,1.782,1,<5.5h
lac2-040,lac2,1,Carnegie Mellon University,Spring 2018,Male,0.0,0.0,263.5,4.39,42.3,533.1,08:53,2.7586,0.586,3.21,3.05,-0.16,45.0,-0.843,1,<5.5h
lac2-041,lac2,1,Carnegie Mellon University,Spring 2018,Female,0.0,0.0,394.8,6.58,16.0,342.8,05:43,0.0283,1.0,4.0,4.0,0.0,50.0,0.35,0,6.5-7h
lac2-042,lac2,1,Carnegie Mellon University,Spring 2018,Male,0.0,0.0,283.3,4.72,40.5,669.7,11:10,4.2554,0.517,3.6,2.18,-1.42,47.0,-0.366,1,<5.5h
lac2-043,lac2,1,Carnegie Mellon University,Spring 2018,Female,0.0,0.0,385.0,6.42,57.4,369.0,06:09,0.299,0.862,3.12,3.6,0.48,45.0,-0.843,0,6-6.5h
lac2-044,lac2,1,Carnegie Mellon University,Spring 2018,Female,0.0,0.0,424.7,7.08,8.5,373.9,06:14,0.1536,0.966,3.81,3.59,-0.22,49.0,0.112,0,7-7.5h
lac2-045,lac2,1,Carnegie Mellon University,Spring 2018,Female,0.0,0.0,341.5,5.69,34.3,409.5,06:50,0.2535,0.931,3.49,3.6,0.11,45.0,-0.843,1,5.5-6h
lac2-046,lac2,1,Carnegie Mellon University,Spring 2018,Female,0.0,0.0,349.6,5.83,36.8,540.6,09:01,0.8066,0.655,2.65,3.49,0.84,48.0,-0.127,1,5.5-6h
lac2-047,lac2,1,Carnegie Mellon University,Spring 2018,Female,0.0,0.0,400.5,6.68,37.0,405.8,06:46,0.8294,0.828,3.25,2.49,-0.76,38.0,-2.513,0,6.5-7h
lac2-048,lac2,1,Carnegie Mellon University,Spring 2018,Female,0.0,0.0,406.8,6.78,24.7,385.3,06:25,0.1071,0.966,3.52,3.45,-0.07,40.0,-2.036,0,6.5-7h
lac2-049,lac2,1,Carnegie Mellon University,Spring 2018,Male,0.0,0.0,408.3,6.81,22.7,411.4,06:51,0.2671,0.966,2.86,3.78,0.92,46.0,-0.604,0,6.5-7h
lac2-050,lac2,1,Carnegie Mellon University,Spring 2018,Female,0.0,0.0,336.2,5.6,85.8,477.1,07:57,0.7187,1.0,3.78,3.8,0.02,49.0,0.112,1,5.5-6h
lac2-051,lac2,1,Carnegie Mellon University,Spring 2018,Female,0.0,1.0,219.9,3.66,136.2,396.5,06:36,0.5227,0.552,2.78,1.5,-1.28,46.0,-0.604,1,<5.5h
lac2-052,lac2,1,Carnegie Mellon University,Spring 2018,Female,0.0,0.0,481.2,8.02,19.1,349.2,05:49,0.0421,0.966,4.0,4.0,0.0,53.0,1.066,0,7.5h+
lac2-053,lac2,1,Carnegie Mellon University,Spring 2018,Male,0.0,0.0,411.7,6.86,10.8,335.7,05:36,0.0188,1.0,4.0,4.0,0.0,60.0,2.736,0,6.5-7h
lac2-054,lac2,1,Carnegie Mellon University,Spring 2018,Female,0.0,0.0,428.4,7.14,7.1,361.6,06:02,0.1113,0.655,3.69,3.76,0.07,56.0,1.782,0,7-7.5h
lac2-055,lac2,1,Carnegie Mellon University,Spring 2018,Female,1.0,0.0,297.0,4.95,60.6,466.8,07:47,0.647,0.69,4.0,4.0,0.0,53.0,1.066,1,<5.5h
lac2-056,lac2,1,Carnegie Mellon University,Spring 2018,Female,0.0,0.0,421.4,7.02,17.9,453.1,07:33,0.0839,0.586,4.0,3.53,-0.47,47.0,-0.366,0,7-7.5h
lac2-057,lac2,1,Carnegie Mellon University,Spring 2018,Female,0.0,0.0,351.2,5.85,45.4,476.6,07:57,0.9002,0.862,3.55,2.6,-0.95,53.0,1.066,1,5.5-6h
lac2-058,lac2,1,Carnegie Mellon University,Spring 2018,Male,0.0,0.0,393.3,6.55,36.5,401.8,06:42,0.029,0.966,4.0,4.0,0.0,49.0,0.112,0,6.5-7h
lac2-059,lac2,1,Carnegie Mellon University,Spring 2018,Male,0.0,0.0,431.3,7.19,35.8,445.6,07:26,0.1703,1.0,4.0,3.42,-0.58,55.0,1.543,0,7-7.5h
lac2-060,lac2,1,Carnegie Mellon University,Spring 2018,Female,0.0,0.0,370.5,6.17,32.8,627.6,10:28,0.3768,0.931,3.57,3.0,-0.57,48.0,-0.127,0,6-6.5h
lac2-061,lac2,1,Carnegie Mellon University,Spring 2018,Male,0.0,0.0,427.8,7.13,67.9,401.1,06:41,0.1666,0.966,4.0,4.0,0.0,40.0,-2.036,0,7-7.5h
lac2-062,lac2,1,Carnegie Mellon University,Spring 2018,Female,0.0,0.0,347.9,5.8,62.4,533.1,08:53,2.7628,0.724,3.8,3.59,-0.21,46.0,-0.604,1,5.5-6h
lac2-063,lac2,1,Carnegie Mellon University,Spring 2018,Male,0.0,0.0,393.7,6.56,52.8,393.3,06:33,0.1102,0.862,3.78,3.81,0.03,46.0,-0.604,0,6.5-7h
lac2-064,lac2,1,Carnegie Mellon University,Spring 2018,Male,0.0,0.0,398.0,6.63,39.2,411.0,06:51,0.42,0.931,3.56,4.0,0.44,45.0,-0.843,0,6.5-7h
lac2-065,lac2,1,Carnegie Mellon University,Spring 2018,Male,0.0,0.0,427.1,7.12,28.5,457.3,07:37,1.3981,0.655,3.8,4.0,0.2,49.0,0.112,0,7-7.5h
lac2-066,lac2,1,Carnegie Mellon University,Spring 2018,Female,0.0,1.0,408.3,6.8,54.4,348.7,05:49,0.0441,1.0,2.49,2.84,0.35,49.0,0.112,0,6.5-7h
lac2-067,lac2,1,Carnegie Mellon University,Spring 2018,Male,0.0,0.0,421.5,7.02,25.7,330.6,05:31,0.0494,0.655,3.77,3.79,0.02,47.0,-0.366,0,7-7.5h
lac2-068,lac2,1,Carnegie Mellon University,Spring 2018,Male,0.0,0.0,388.4,6.47,44.2,398.9,06:39,0.1833,0.759,4.0,4.0,0.0,54.0,1.305,0,6-6.5h
lac2-069,lac2,1,Carnegie Mellon University,Spring 2018,Male,1.0,0.0,250.4,4.17,80.8,628.0,10:28,2.5669,0.793,3.58,2.55,-1.03,54.0,1.305,1,<5.5h
lac2-070,lac2,1,Carnegie Mellon University,Spring 2018,Male,1.0,1.0,321.0,5.35,18.3,471.7,07:52,2.0339,0.724,4.0,3.63,-0.37,48.0,-0.127,1,<5.5h
lac2-071,lac2,1,Carnegie Mellon University,Spring 2018,Male,0.0,0.0,428.5,7.14,32.6,477.9,07:58,0.7811,0.966,2.36,2.79,0.43,47.0,-0.366,0,7-7.5h
lac2-072,lac2,1,Carnegie Mellon University,Spring 2018,Female,0.0,0.0,415.8,6.93,64.6,432.0,07:12,2.1962,0.897,3.17,2.8,-0.37,46.0,-0.604,0,6.5-7h
lac2-073,lac2,1,Carnegie Mellon University,Spring 2018,Female,1.0,0.0,313.9,5.23,65.0,402.0,06:42,0.1853,0.793,2.98,3.28,0.3,50.0,0.35,1,<5.5h
lac2-074,lac2,1,Carnegie Mellon University,Spring 2018,Male,0.0,1.0,457.4,7.62,30.9,535.4,08:55,0.4892,0.931,1.7,2.47,0.77,43.0,-1.32,0,7.5h+
lac2-075,lac2,1,Carnegie Mellon University,Spring 2018,Male,0.0,0.0,405.4,6.76,40.1,442.7,07:23,0.1037,0.897,3.52,3.57,0.05,51.0,0.589,0,6.5-7h
lac2-076,lac2,1,Carnegie Mellon University,Spring 2018,Male,0.0,0.0,413.1,6.89,44.3,407.5,06:48,0.2896,0.966,3.0,3.53,0.53,45.0,-0.843,0,6.5-7h
lac2-077,lac2,1,Carnegie Mellon University,Spring 2018,Female,0.0,0.0,414.7,6.91,18.5,424.9,07:05,0.0368,0.897,3.8,4.0,0.2,47.0,-0.366,0,6.5-7h
uw1-001,uw1,2,University of Washington,Spring 2018,Male,0.0,0.0,445.2,7.42,67.5,425.8,07:06,0.3212,0.893,3.196,3.9,0.704,5.0,-3.983,0,7-7.5h
uw1-002,uw1,2,University of Washington,Spring 2018,Female,1.0,0.0,587.7,9.79,64.5,380.3,06:20,0.4222,0.214,3.321,3.833,0.512,18.0,1.68,0,7.5h+
uw1-003,uw1,2,University of Washington,Spring 2018,Female,0.0,0.0,447.5,7.46,28.2,372.3,06:12,0.1173,0.929,3.767,3.5,-0.267,14.0,-0.062,0,7-7.5h
uw1-004,uw1,2,University of Washington,Spring 2018,Female,1.0,0.0,406.9,6.78,39.4,358.9,05:59,0.1382,0.929,3.427,3.477,0.05,13.0,-0.498,0,6.5-7h
uw1-005,uw1,2,University of Washington,Spring 2018,Female,0.0,0.0,456.7,7.61,61.6,364.8,06:05,0.553,0.893,3.6,3.128,-0.472,18.0,1.68,0,7.5h+
uw1-006,uw1,2,University of Washington,Spring 2018,Male,0.0,0.0,361.8,6.03,49.3,289.9,04:50,0.1774,0.75,3.923,4.0,0.077,15.0,0.373,0,6-6.5h
uw1-007,uw1,2,University of Washington,Spring 2018,Male,0.0,0.0,370.5,6.18,26.1,390.2,06:30,0.0996,0.857,3.555,3.569,0.014,13.0,-0.498,0,6-6.5h
uw1-008,uw1,2,University of Washington,Spring 2018,Male,0.0,0.0,404.8,6.75,103.1,406.1,06:46,1.1184,0.893,3.593,3.533,-0.06,15.0,0.373,0,6.5-7h
uw1-009,uw1,2,University of Washington,Spring 2018,Female,0.0,0.0,518.6,8.64,30.5,342.9,05:43,0.0448,1.0,3.533,3.9,0.367,15.0,0.373,0,7.5h+
uw1-010,uw1,2,University of Washington,Spring 2018,Female,0.0,0.0,493.6,8.23,31.8,260.2,04:20,0.0649,1.0,3.746,3.9,0.154,15.0,0.373,0,7.5h+
uw1-011,uw1,2,University of Washington,Spring 2018,Female,1.0,0.0,411.3,6.85,27.3,349.5,05:50,0.0927,0.536,3.266,3.1,-0.166,15.0,0.373,0,6.5-7h
uw1-012,uw1,2,University of Washington,Spring 2018,Female,0.0,0.0,274.2,4.57,152.6,315.6,05:16,0.1125,1.0,2.883,2.75,-0.133,14.0,-0.062,1,<5.5h
uw1-013,uw1,2,University of Washington,Spring 2018,Female,0.0,0.0,494.4,8.24,54.1,305.2,05:05,0.1287,0.929,3.152,3.1,-0.052,15.0,0.373,0,7.5h+
uw1-014,uw1,2,University of Washington,Spring 2018,Female,0.0,0.0,444.9,7.41,35.7,314.7,05:15,0.0687,1.0,2.915,2.933,0.018,15.0,0.373,0,7-7.5h
uw1-015,uw1,2,University of Washington,Spring 2018,Female,0.0,0.0,382.2,6.37,54.9,477.3,07:57,0.0624,1.0,3.452,3.8,0.348,15.0,0.373,0,6-6.5h
uw1-016,uw1,2,University of Washington,Spring 2018,Female,0.0,0.0,467.2,7.79,29.8,392.5,06:32,0.141,0.571,2.917,1.7,-1.217,15.0,0.373,0,7.5h+
uw1-017,uw1,2,University of Washington,Spring 2018,Male,0.0,0.0,439.2,7.32,48.6,326.7,05:27,0.0693,1.0,3.745,3.838,0.093,13.0,-0.498,0,7-7.5h
uw1-018,uw1,2,University of Washington,Spring 2018,Female,0.0,0.0,438.7,7.31,41.8,405.6,06:46,0.6026,0.964,3.336,3.933,0.597,15.0,0.373,0,7-7.5h
uw1-019,uw1,2,University of Washington,Spring 2018,Female,0.0,0.0,459.5,7.66,14.8,281.1,04:41,0.0833,0.964,4.0,4.0,0.0,13.0,-0.498,0,7.5h+
uw1-020,uw1,2,University of Washington,Spring 2018,Female,1.0,0.0,405.2,6.75,39.6,363.2,06:03,0.0622,1.0,3.18,3.5,0.32,10.0,-1.805,0,6.5-7h
uw1-021,uw1,2,University of Washington,Spring 2018,Female,1.0,0.0,396.5,6.61,75.6,410.8,06:51,0.1101,1.0,2.567,2.992,0.425,13.0,-0.498,0,6.5-7h
uw1-022,uw1,2,University of Washington,Spring 2018,Female,1.0,0.0,389.0,6.48,24.3,300.5,05:00,0.2066,0.536,3.741,3.479,-0.262,14.0,-0.062,0,6-6.5h
uw1-023,uw1,2,University of Washington,Spring 2018,Female,0.0,0.0,441.0,7.35,36.5,345.0,05:45,0.3075,1.0,3.532,3.6,0.068,15.0,0.373,0,7-7.5h
uw1-024,uw1,2,University of Washington,Spring 2018,Female,1.0,0.0,434.0,7.23,8.6,343.3,05:43,0.0482,1.0,3.7,3.193,-0.507,14.0,-0.062,0,7-7.5h
uw1-025,uw1,2,University of Washington,Spring 2018,Male,0.0,0.0,433.2,7.22,72.0,417.5,06:58,0.1477,0.714,3.883,3.9,0.017,10.0,-1.805,0,7-7.5h
uw1-026,uw1,2,University of Washington,Spring 2018,Male,0.0,0.0,371.1,6.19,25.8,493.1,08:13,0.0544,1.0,3.467,3.608,0.141,12.0,-0.933,0,6-6.5h
uw1-027,uw1,2,University of Washington,Spring 2018,Female,1.0,0.0,425.5,7.09,26.0,334.1,05:34,0.0958,1.0,3.8,3.95,0.15,10.0,-1.805,0,7-7.5h
uw1-028,uw1,2,University of Washington,Spring 2018,Female,1.0,0.0,394.9,6.58,13.1,362.7,06:03,0.0411,1.0,3.7,3.867,0.167,12.0,-0.933,0,6.5-7h
uw1-029,uw1,2,University of Washington,Spring 2018,Female,1.0,1.0,469.5,7.82,31.3,473.9,07:54,0.397,0.857,3.126,2.729,-0.397,14.0,-0.062,0,7.5h+
uw1-030,uw1,2,University of Washington,Spring 2018,Male,0.0,0.0,349.0,5.82,53.1,330.8,05:31,0.127,0.964,3.96,3.767,-0.193,15.0,0.373,1,5.5-6h
uw1-031,uw1,2,University of Washington,Spring 2018,Female,0.0,0.0,328.9,5.48,88.1,497.3,08:17,0.4576,0.929,3.652,3.344,-0.308,18.0,1.68,1,<5.5h
uw1-032,uw1,2,University of Washington,Spring 2018,Male,0.0,0.0,337.4,5.62,85.0,437.8,07:18,0.1269,1.0,3.867,3.567,-0.3,15.0,0.373,1,5.5-6h
uw1-033,uw1,2,University of Washington,Spring 2018,Male,1.0,0.0,329.0,5.48,50.9,389.2,06:29,0.0317,0.964,3.627,3.5,-0.127,10.0,-1.805,1,<5.5h
uw1-034,uw1,2,University of Washington,Spring 2018,Male,0.0,0.0,400.2,6.67,68.5,536.7,08:57,11.4803,0.286,3.397,3.564,0.167,11.0,-1.369,0,6.5-7h
uw1-035,uw1,2,University of Washington,Spring 2018,Female,1.0,0.0,412.6,6.88,68.6,323.8,05:24,0.0773,0.964,3.6,3.436,-0.164,14.0,-0.062,0,6.5-7h
uw1-036,uw1,2,University of Washington,Spring 2018,Female,0.0,1.0,362.1,6.04,64.0,508.5,08:28,1.7427,0.286,3.758,3.833,0.075,15.0,0.373,0,6-6.5h
uw1-037,uw1,2,University of Washington,Spring 2018,Male,0.0,0.0,399.5,6.66,76.4,573.6,09:34,1.4693,0.75,3.083,2.478,-0.605,18.0,1.68,0,6.5-7h
uw1-038,uw1,2,University of Washington,Spring 2018,Female,0.0,1.0,255.4,4.26,46.4,561.0,09:21,2.1725,0.964,3.346,2.5,-0.846,10.0,-1.805,1,<5.5h
uw1-039,uw1,2,University of Washington,Spring 2018,Male,0.0,0.0,438.8,7.31,42.7,370.6,06:11,0.0595,0.857,3.2,3.038,-0.162,13.0,-0.498,0,7-7.5h
uw1-040,uw1,2,University of Washington,Spring 2018,Female,0.0,0.0,511.3,8.52,37.9,320.5,05:20,0.0606,0.964,3.583,3.55,-0.033,10.0,-1.805,0,7.5h+
uw1-041,uw1,2,University of Washington,Spring 2018,Male,1.0,1.0,388.2,6.47,69.3,372.9,06:13,0.2107,1.0,3.629,3.467,-0.162,15.0,0.373,0,6-6.5h
uw1-042,uw1,2,University of Washington,Spring 2018,Female,,1.0,477.9,7.96,23.6,331.3,05:31,0.0454,0.679,3.868,3.65,-0.218,10.0,-1.805,0,7.5h+
uw1-043,uw1,2,University of Washington,Spring 2018,Female,0.0,1.0,422.3,7.04,54.6,640.2,10:40,3.36,0.786,3.78,3.267,-0.513,15.0,0.373,0,7-7.5h
uw1-044,uw1,2,University of Washington,Spring 2018,Female,0.0,0.0,442.0,7.37,34.8,404.0,06:44,0.4396,0.714,3.817,3.933,0.116,15.0,0.373,0,7-7.5h
uw1-045,uw1,2,University of Washington,Spring 2018,Female,0.0,0.0,402.6,6.71,18.8,342.3,05:42,0.1049,0.964,3.913,3.85,-0.063,16.0,0.809,0,6.5-7h
uw1-046,uw1,2,University of Washington,Spring 2018,Female,0.0,1.0,430.1,7.17,24.8,317.8,05:18,0.0383,1.0,3.529,3.654,0.125,13.0,-0.498,0,7-7.5h
uw1-047,uw1,2,University of Washington,Spring 2018,Female,0.0,1.0,328.2,5.47,17.1,430.9,07:11,1.7592,0.429,2.939,1.7,-1.239,15.0,0.373,1,<5.5h
uw1-048,uw1,2,University of Washington,Spring 2018,Female,0.0,0.0,418.2,6.97,18.2,325.2,05:25,0.1756,0.643,4.0,3.973,-0.027,11.0,-1.369,0,6.5-7h
uw1-049,uw1,2,University of Washington,Spring 2018,Female,0.0,0.0,432.2,7.2,41.6,478.1,07:58,0.0808,0.964,3.7,3.623,-0.077,13.0,-0.498,0,7-7.5h
uw1-050,uw1,2,University of Washington,Spring 2018,Female,0.0,0.0,487.5,8.12,36.9,305.9,05:06,0.0799,1.0,3.82,3.669,-0.151,13.0,-0.498,0,7.5h+
uw1-051,uw1,2,University of Washington,Spring 2018,Male,0.0,0.0,434.3,7.24,41.7,351.6,05:52,0.0446,0.964,3.686,3.336,-0.35,14.0,-0.062,0,7-7.5h
uw1-052,uw1,2,University of Washington,Spring 2018,Female,1.0,0.0,408.6,6.81,34.5,397.2,06:37,0.0614,0.964,3.5,3.467,-0.033,15.0,0.373,0,6.5-7h
uw1-053,uw1,2,University of Washington,Spring 2018,Female,1.0,0.0,430.0,7.17,43.3,436.7,07:17,0.0512,0.964,3.65,3.528,-0.122,18.0,1.68,0,7-7.5h
uw1-054,uw1,2,University of Washington,Spring 2018,Female,1.0,0.0,398.5,6.64,21.7,343.8,05:44,0.0242,1.0,3.797,3.667,-0.13,15.0,0.373,0,6.5-7h
uw1-055,uw1,2,University of Washington,Spring 2018,Female,1.0,0.0,377.5,6.29,86.3,423.5,07:04,0.2358,1.0,3.784,3.754,-0.03,13.0,-0.498,0,6-6.5h
uw1-056,uw1,2,University of Washington,Spring 2018,Female,1.0,0.0,394.4,6.57,98.3,324.1,05:24,0.0872,1.0,3.488,3.647,0.159,15.0,0.373,0,6.5-7h
uw1-057,uw1,2,University of Washington,Spring 2018,Female,0.0,0.0,408.8,6.81,18.9,297.4,04:57,0.0746,1.0,3.75,3.875,0.125,16.0,0.809,0,6.5-7h
uw1-058,uw1,2,University of Washington,Spring 2018,Male,0.0,0.0,436.4,7.27,64.2,394.1,06:34,0.7865,0.929,3.541,3.233,-0.308,15.0,0.373,0,7-7.5h
uw1-059,uw1,2,University of Washington,Spring 2018,Female,1.0,0.0,398.9,6.65,79.3,340.4,05:40,0.2006,0.857,3.375,2.269,-1.106,13.0,-0.498,0,6.5-7h
uw1-060,uw1,2,University of Washington,Spring 2018,Male,1.0,1.0,422.7,7.04,11.8,285.5,04:46,0.0675,0.75,3.434,3.483,0.049,12.0,-0.933,0,7-7.5h
uw1-061,uw1,2,University of Washington,Spring 2018,Female,0.0,0.0,369.5,6.16,67.6,358.4,05:58,0.1087,1.0,3.819,3.753,-0.066,17.0,1.245,0,6-6.5h
uw1-062,uw1,2,University of Washington,Spring 2018,Female,0.0,0.0,485.7,8.1,27.4,314.3,05:14,0.1555,1.0,3.077,3.231,0.154,13.0,-0.498,0,7.5h+
uw1-063,uw1,2,University of Washington,Spring 2018,Female,0.0,0.0,485.2,8.09,114.0,497.0,08:17,5.3448,0.214,3.857,3.95,0.093,10.0,-1.805,0,7.5h+
uw1-064,uw1,2,University of Washington,Spring 2018,Male,0.0,0.0,496.8,8.28,19.1,300.0,05:00,0.0763,0.929,3.904,3.9,-0.004,10.0,-1.805,0,7.5h+
uw1-065,uw1,2,University of Washington,Spring 2018,Male,0.0,1.0,389.7,6.5,25.6,355.7,05:56,0.0621,0.964,3.693,3.533,-0.16,15.0,0.373,0,6.5-7h
uw1-066,uw1,2,University of Washington,Spring 2018,Female,1.0,0.0,407.3,6.79,99.1,558.7,09:19,0.8892,1.0,3.371,3.967,0.596,15.0,0.373,0,6.5-7h
uw1-067,uw1,2,University of Washington,Spring 2018,Male,0.0,0.0,400.0,6.67,47.5,385.4,06:25,0.1293,0.929,3.591,3.367,-0.224,15.0,0.373,0,6.5-7h
uw1-068,uw1,2,University of Washington,Spring 2018,Female,0.0,1.0,497.4,8.29,50.1,507.9,08:28,0.6073,0.5,2.603,3.9,1.297,13.0,-0.498,0,7.5h+
uw1-069,uw1,2,University of Washington,Spring 2018,Female,0.0,0.0,383.7,6.39,6.6,327.1,05:27,0.1296,0.857,3.914,4.0,0.086,15.0,0.373,0,6-6.5h
uw1-070,uw1,2,University of Washington,Spring 2018,Male,1.0,1.0,405.8,6.76,34.7,335.0,05:35,0.2723,0.929,3.525,3.4,-0.125,10.0,-1.805,0,6.5-7h
uw1-071,uw1,2,University of Washington,Spring 2018,Female,0.0,1.0,291.5,4.86,44.3,605.9,10:06,2.0271,0.393,3.46,3.567,0.107,15.0,0.373,1,<5.5h
uw1-072,uw1,2,University of Washington,Spring 2018,Female,1.0,0.0,498.9,8.32,24.9,452.9,07:33,0.047,0.929,3.25,3.077,-0.173,13.0,-0.498,0,7.5h+
uw1-073,uw1,2,University of Washington,Spring 2018,Female,0.0,0.0,371.1,6.18,51.0,331.0,05:31,0.1069,0.929,3.315,3.721,0.406,14.0,-0.062,0,6-6.5h
uw1-074,uw1,2,University of Washington,Spring 2018,Male,,0.0,397.1,6.62,99.5,487.6,08:08,0.2003,0.857,3.337,3.538,0.201,13.0,-0.498,0,6.5-7h
uw1-075,uw1,2,University of Washington,Spring 2018,Female,0.0,1.0,454.7,7.58,46.2,450.2,07:30,0.5477,0.607,3.28,3.5,0.22,10.0,-1.805,0,7.5h+
uw1-076,uw1,2,University of Washington,Spring 2018,Female,0.0,1.0,355.8,5.93,59.2,409.3,06:49,0.1319,1.0,3.38,3.5,0.12,15.0,0.373,1,5.5-6h
uw1-077,uw1,2,University of Washington,Spring 2018,Female,0.0,0.0,380.2,6.34,9.2,724.7,12:05,12.9284,0.214,3.416,3.233,-0.183,15.0,0.373,0,6-6.5h
uw1-078,uw1,2,University of Washington,Spring 2018,Female,0.0,0.0,423.5,7.06,90.0,320.9,05:21,0.9428,0.536,3.675,3.538,-0.137,13.0,-0.498,0,7-7.5h
uw1-079,uw1,2,University of Washington,Spring 2018,Female,1.0,0.0,390.5,6.51,63.7,366.2,06:06,1.2826,1.0,3.352,2.691,-0.661,11.0,-1.369,0,6.5-7h
uw1-080,uw1,2,University of Washington,Spring 2018,Female,0.0,0.0,387.0,6.45,17.8,299.0,04:59,0.1865,0.821,3.44,3.5,0.06,10.0,-1.805,0,6-6.5h
uw1-081,uw1,2,University of Washington,Spring 2018,Male,0.0,0.0,408.0,6.8,26.7,400.6,06:41,0.0586,1.0,2.611,3.464,0.853,14.0,-0.062,0,6.5-7h
uw1-082,uw1,2,University of Washington,Spring 2018,Female,0.0,0.0,482.6,8.04,44.2,416.3,06:56,0.475,0.357,3.326,3.033,-0.293,15.0,0.373,0,7.5h+
uw1-083,uw1,2,University of Washington,Spring 2018,Female,0.0,1.0,418.7,6.98,48.7,368.9,06:09,0.6438,0.357,3.111,3.2,0.089,15.0,0.373,0,6.5-7h
uw1-084,uw1,2,University of Washington,Spring 2018,Female,1.0,0.0,367.9,6.13,95.9,499.7,08:20,0.8007,0.929,3.279,3.767,0.488,15.0,0.373,0,6-6.5h
uw1-085,uw1,2,University of Washington,Spring 2018,Female,0.0,0.0,408.5,6.81,90.4,320.4,05:20,0.2523,0.893,3.88,3.962,0.082,13.0,-0.498,0,6.5-7h
uw1-086,uw1,2,University of Washington,Spring 2018,Female,0.0,1.0,359.2,5.99,39.2,345.7,05:46,0.1842,0.929,3.622,3.592,-0.03,13.0,-0.498,1,5.5-6h
uw1-087,uw1,2,University of Washington,Spring 2018,Female,0.0,0.0,412.3,6.87,15.8,283.0,04:43,7.4779,0.357,3.867,3.967,0.1,15.0,0.373,0,6.5-7h
uw1-088,uw1,2,University of Washington,Spring 2018,Female,0.0,0.0,511.6,8.53,29.7,264.5,04:24,0.0416,1.0,3.917,3.9,-0.017,15.0,0.373,0,7.5h+
uw1-089,uw1,2,University of Washington,Spring 2018,Female,1.0,1.0,430.4,7.17,71.1,319.6,05:20,0.0891,1.0,2.332,3.446,1.114,13.0,-0.498,0,7-7.5h
uw1-090,uw1,2,University of Washington,Spring 2018,Female,0.0,0.0,458.0,7.63,27.2,363.5,06:04,0.05,1.0,3.7,3.933,0.233,15.0,0.373,0,7.5h+
uw1-091,uw1,2,University of Washington,Spring 2018,Female,1.0,1.0,392.9,6.55,42.3,390.4,06:30,0.2357,0.964,3.66,3.533,-0.127,15.0,0.373,0,6.5-7h
uw1-092,uw1,2,University of Washington,Spring 2018,Male,0.0,0.0,386.1,6.43,22.4,540.1,09:00,1.4947,0.464,3.773,3.867,0.094,15.0,0.373,0,6-6.5h
uw1-093,uw1,2,University of Washington,Spring 2018,Male,0.0,0.0,441.9,7.37,23.1,373.5,06:14,0.0706,1.0,3.803,3.944,0.141,18.0,1.68,0,7-7.5h
uw1-094,uw1,2,University of Washington,Spring 2018,Female,0.0,0.0,451.8,7.53,51.9,316.2,05:16,0.143,0.893,3.333,2.533,-0.8,15.0,0.373,0,7.5h+
uw1-095,uw1,2,University of Washington,Spring 2018,Male,0.0,0.0,449.2,7.49,36.7,381.0,06:21,0.0428,0.714,3.987,3.917,-0.07,18.0,1.68,0,7-7.5h
uw1-096,uw1,2,University of Washington,Spring 2018,Female,1.0,0.0,335.2,5.59,52.9,365.3,06:05,0.1415,1.0,3.356,2.871,-0.485,14.0,-0.062,1,5.5-6h
uw1-097,uw1,2,University of Washington,Spring 2018,Male,0.0,0.0,423.7,7.06,31.9,490.7,08:11,0.1684,0.929,3.239,3.633,0.394,15.0,0.373,0,7-7.5h
uw1-098,uw1,2,University of Washington,Spring 2018,Female,0.0,0.0,392.5,6.54,39.4,359.1,05:59,0.3245,0.964,3.955,3.964,0.009,14.0,-0.062,0,6.5-7h
uw1-099,uw1,2,University of Washington,Spring 2018,Female,1.0,1.0,369.3,6.15,97.9,329.5,05:30,0.1132,1.0,2.7,3.0,0.3,12.0,-0.933,0,6-6.5h
uw1-100,uw1,2,University of Washington,Spring 2018,Male,1.0,1.0,368.0,6.13,48.5,382.6,06:23,1.2089,0.821,2.9,3.15,0.25,18.0,1.68,0,6-6.5h
uw1-101,uw1,2,University of Washington,Spring 2018,Female,0.0,0.0,393.1,6.55,23.2,319.6,05:20,0.0545,1.0,3.58,3.967,0.387,12.0,-0.933,0,6.5-7h
uw1-102,uw1,2,University of Washington,Spring 2018,Male,1.0,0.0,402.3,6.7,65.3,404.6,06:45,0.0837,0.893,3.35,3.769,0.419,13.0,-0.498,0,6.5-7h
uw1-103,uw1,2,University of Washington,Spring 2018,Female,0.0,0.0,406.7,6.78,22.6,398.9,06:39,0.0989,1.0,3.914,3.953,0.039,17.0,1.245,0,6.5-7h
uw1-104,uw1,2,University of Washington,Spring 2018,Male,0.0,0.0,346.7,5.78,60.8,435.3,07:15,1.5523,1.0,3.609,3.441,-0.168,17.0,1.245,1,5.5-6h
uw1-105,uw1,2,University of Washington,Spring 2018,Female,0.0,0.0,361.8,6.03,29.9,471.2,07:51,0.1726,1.0,3.459,3.55,0.091,10.0,-1.805,0,6-6.5h
uw1-106,uw1,2,University of Washington,Spring 2018,Female,0.0,0.0,364.9,6.08,67.2,326.9,05:27,0.2545,0.929,3.091,2.9,-0.191,18.0,1.68,0,6-6.5h
uw1-107,uw1,2,University of Washington,Spring 2018,Male,0.0,1.0,287.9,4.8,104.4,456.4,07:36,0.4675,0.5,3.421,2.919,-0.502,16.0,0.809,1,<5.5h
uw1-108,uw1,2,University of Washington,Spring 2018,Male,0.0,0.0,455.6,7.59,18.3,437.7,07:18,0.0863,0.536,3.709,3.443,-0.266,14.0,-0.062,0,7.5h+
uw1-109,uw1,2,University of Washington,Spring 2018,Male,1.0,0.0,474.9,7.92,59.1,445.5,07:26,0.8942,0.964,3.897,4.0,0.103,15.0,0.373,0,7.5h+
uw1-110,uw1,2,University of Washington,Spring 2018,Female,0.0,0.0,436.4,7.27,57.7,355.9,05:56,0.2523,0.893,3.726,3.733,0.007,15.0,0.373,0,7-7.5h
uw1-111,uw1,2,University of Washington,Spring 2018,Female,0.0,0.0,432.6,7.21,27.4,333.4,05:33,0.1722,1.0,3.893,3.833,-0.06,15.0,0.373,0,7-7.5h
uw1-112,uw1,2,University of Washington,Spring 2018,Female,0.0,0.0,399.4,6.66,87.1,425.1,07:05,0.5901,0.714,3.72,3.567,-0.153,15.0,0.373,0,6.5-7h
uw1-113,uw1,2,University of Washington,Spring 2018,Female,1.0,1.0,471.3,7.86,12.6,303.8,05:04,0.0285,1.0,3.544,3.518,-0.026,17.0,1.245,0,7.5h+
uw1-114,uw1,2,University of Washington,Spring 2018,Female,0.0,0.0,487.1,8.12,42.1,282.5,04:42,0.0045,1.0,3.8,3.767,-0.033,15.0,0.373,0,7.5h+
uw1-115,uw1,2,University of Washington,Spring 2018,Female,0.0,0.0,460.5,7.68,19.9,335.2,05:35,0.1524,0.464,3.317,3.233,-0.084,12.0,-0.933,0,7.5h+
uw1-116,uw1,2,University of Washington,Spring 2018,Female,,0.0,407.2,6.79,12.4,387.3,06:27,0.0754,0.929,3.727,3.6,-0.127,15.0,0.373,0,6.5-7h
uw1-117,uw1,2,University of Washington,Spring 2018,Female,1.0,0.0,405.0,6.75,47.4,571.2,09:31,0.2033,0.929,2.31,3.377,1.067,13.0,-0.498,0,6.5-7h
uw1-118,uw1,2,University of Washington,Spring 2018,Female,0.0,0.0,413.7,6.89,12.4,376.9,06:17,0.101,1.0,3.75,3.744,-0.006,18.0,1.68,0,6.5-7h
uw1-119,uw1,2,University of Washington,Spring 2018,Female,1.0,0.0,374.9,6.25,23.4,419.3,06:59,0.2151,0.964,2.25,2.871,0.621,17.0,1.245,0,6-6.5h
uw1-120,uw1,2,University of Washington,Spring 2018,Male,0.0,0.0,329.4,5.49,39.6,600.0,10:00,1.8361,0.607,3.27,2.894,-0.376,18.0,1.68,1,<5.5h
uw1-121,uw1,2,University of Washington,Spring 2018,Female,0.0,0.0,430.5,7.17,35.0,296.4,04:56,0.0507,1.0,4.0,3.967,-0.033,15.0,0.373,0,7-7.5h
uw1-122,uw1,2,University of Washington,Spring 2018,Female,0.0,1.0,447.9,7.46,36.3,315.1,05:15,0.0733,0.929,2.638,3.483,0.845,18.0,1.68,0,7-7.5h
uw1-123,uw1,2,University of Washington,Spring 2018,Male,0.0,0.0,368.7,6.14,88.8,537.7,08:58,1.4327,0.75,2.9,3.267,0.367,15.0,0.373,0,6-6.5h
uw1-124,uw1,2,University of Washington,Spring 2018,Male,0.0,0.0,353.7,5.89,52.6,476.3,07:56,0.4664,0.929,3.881,4.0,0.119,15.0,0.373,1,5.5-6h
uw1-125,uw1,2,University of Washington,Spring 2018,Male,0.0,0.0,388.8,6.48,46.0,367.4,06:07,0.6091,1.0,3.88,3.667,-0.213,15.0,0.373,0,6-6.5h
uw1-126,uw1,2,University of Washington,Spring 2018,Male,1.0,0.0,419.5,6.99,51.1,373.3,06:13,0.1292,0.679,3.926,3.889,-0.037,18.0,1.68,0,6.5-7h
uw1-127,uw1,2,University of Washington,Spring 2018,Female,0.0,0.0,435.2,7.25,30.4,319.8,05:20,0.0695,1.0,3.645,3.831,0.186,16.0,0.809,0,7-7.5h
uw1-128,uw1,2,University of Washington,Spring 2018,Female,0.0,1.0,389.0,6.48,40.9,384.3,06:24,0.5101,1.0,3.3,3.4,0.1,15.0,0.373,0,6-6.5h
uw1-129,uw1,2,University of Washington,Spring 2018,Female,0.0,0.0,374.4,6.24,43.7,381.4,06:21,0.1838,0.964,3.911,3.8,-0.111,15.0,0.373,0,6-6.5h
uw1-130,uw1,2,University of Washington,Spring 2018,Male,0.0,0.0,485.9,8.1,19.9,425.1,07:05,0.6562,0.25,3.53,3.733,0.203,15.0,0.373,0,7.5h+
uw1-131,uw1,2,University of Washington,Spring 2018,Female,0.0,0.0,404.4,6.74,59.5,327.2,05:27,1.2342,0.286,2.609,2.867,0.258,15.0,0.373,0,6.5-7h
uw1-132,uw1,2,University of Washington,Spring 2018,Male,1.0,1.0,414.3,6.9,26.9,380.7,06:21,0.1428,0.964,3.587,3.65,0.063,10.0,-1.805,0,6.5-7h
uw1-133,uw1,2,University of Washington,Spring 2018,Male,0.0,1.0,404.0,6.73,63.7,430.4,07:10,0.3176,0.536,2.983,2.933,-0.05,15.0,0.373,0,6.5-7h
uw1-134,uw1,2,University of Washington,Spring 2018,Female,0.0,0.0,435.4,7.26,20.9,434.0,07:14,1.3332,0.821,3.2,2.9,-0.3,15.0,0.373,0,7-7.5h
uw1-135,uw1,2,University of Washington,Spring 2018,Female,0.0,0.0,437.1,7.29,25.0,318.4,05:18,0.154,0.786,3.08,3.633,0.553,15.0,0.373,0,7-7.5h
uw1-136,uw1,2,University of Washington,Spring 2018,Male,1.0,0.0,391.4,6.52,36.3,396.6,06:37,0.1384,0.607,2.738,2.35,-0.388,10.0,-1.805,0,6.5-7h
uw1-137,uw1,2,University of Washington,Spring 2018,Male,0.0,0.0,393.5,6.56,56.7,647.8,10:48,20.8492,0.357,3.886,3.867,-0.019,15.0,0.373,0,6.5-7h
uw1-138,uw1,2,University of Washington,Spring 2018,Male,0.0,0.0,475.3,7.92,49.9,307.2,05:07,0.073,0.964,3.8,3.767,-0.033,15.0,0.373,0,7.5h+
uw1-139,uw1,2,University of Washington,Spring 2018,Male,1.0,1.0,351.5,5.86,111.2,376.3,06:16,0.0575,0.964,3.682,3.95,0.268,10.0,-1.805,1,5.5-6h
uw1-140,uw1,2,University of Washington,Spring 2018,Male,1.0,0.0,439.7,7.33,29.9,280.1,04:40,0.0911,1.0,3.609,3.731,0.122,16.0,0.809,0,7-7.5h
uw2-001,uw2,3,University of Washington,Spring 2019,Male,1.0,0.0,362.3,6.04,82.6,319.6,05:20,0.3702,0.75,2.948,2.64,-0.308,15.0,0.041,0,6-6.5h
uw2-002,uw2,3,University of Washington,Spring 2019,Female,1.0,0.0,434.9,7.25,16.8,394.2,06:34,0.0608,1.0,3.775,3.92,0.145,13.0,-1.0,0,7-7.5h
uw2-003,uw2,3,University of Washington,Spring 2019,Female,0.0,0.0,421.6,7.03,29.3,355.7,05:56,0.041,1.0,3.865,3.87,0.005,15.0,0.041,0,7-7.5h
uw2-004,uw2,3,University of Washington,Spring 2019,Female,0.0,0.0,434.2,7.24,26.0,322.6,05:23,0.0291,0.857,3.458,3.29,-0.168,14.0,-0.48,0,7-7.5h
uw2-005,uw2,3,University of Washington,Spring 2019,Female,0.0,0.0,390.0,6.5,43.9,335.1,05:35,0.0483,0.857,3.293,3.76,0.467,16.0,0.562,0,6.5-7h
uw2-006,uw2,3,University of Washington,Spring 2019,Male,0.0,0.0,384.0,6.4,17.4,323.3,05:23,0.0531,1.0,2.92,3.52,0.6,15.0,0.041,0,6-6.5h
uw2-007,uw2,3,University of Washington,Spring 2019,Male,0.0,0.0,420.3,7.0,26.5,393.1,06:33,0.1235,0.964,3.335,3.63,0.295,15.0,0.041,0,7-7.5h
uw2-008,uw2,3,University of Washington,Spring 2019,Male,1.0,1.0,413.7,6.9,44.0,432.2,07:12,0.121,0.964,3.048,3.67,0.622,17.0,1.083,0,6.5-7h
uw2-009,uw2,3,University of Washington,Spring 2019,Female,0.0,0.0,406.5,6.77,23.6,464.8,07:45,0.4758,0.857,2.958,2.8,-0.158,13.0,-1.0,0,6.5-7h
uw2-010,uw2,3,University of Washington,Spring 2019,Female,0.0,0.0,460.2,7.67,34.8,424.8,07:05,0.0978,0.821,2.625,3.0,0.375,15.0,0.041,0,7.5h+
uw2-011,uw2,3,University of Washington,Spring 2019,Female,1.0,0.0,353.3,5.89,36.1,413.7,06:54,0.1567,1.0,3.011,3.39,0.379,16.0,0.562,1,5.5-6h
uw2-012,uw2,3,University of Washington,Spring 2019,Female,1.0,0.0,349.6,5.83,98.0,346.1,05:46,0.1238,1.0,3.836,3.85,0.014,13.0,-1.0,1,5.5-6h
uw2-013,uw2,3,University of Washington,Spring 2019,Female,0.0,0.0,414.4,6.91,44.0,386.0,06:26,0.016,0.821,3.05,3.25,0.2,15.0,0.041,0,6.5-7h
uw2-014,uw2,3,University of Washington,Spring 2019,Female,0.0,0.0,357.2,5.95,31.8,412.2,06:52,0.0757,1.0,2.822,2.68,-0.142,14.0,-0.48,1,5.5-6h
uw2-015,uw2,3,University of Washington,Spring 2019,Male,1.0,1.0,411.6,6.86,37.9,445.2,07:25,0.0895,1.0,3.455,2.97,-0.485,17.0,1.083,0,6.5-7h
uw2-016,uw2,3,University of Washington,Spring 2019,Female,0.0,0.0,412.6,6.88,13.3,356.1,05:56,0.2172,0.929,3.696,3.84,0.144,16.0,0.562,0,6.5-7h
uw2-017,uw2,3,University of Washington,Spring 2019,Female,0.0,0.0,485.1,8.09,28.6,330.1,05:30,0.052,0.964,3.702,3.79,0.088,12.0,-1.521,0,7.5h+
uw2-018,uw2,3,University of Washington,Spring 2019,Female,0.0,0.0,478.2,7.97,57.5,369.4,06:09,0.0751,0.214,2.865,3.51,0.645,16.0,0.562,0,7.5h+
uw2-019,uw2,3,University of Washington,Spring 2019,Male,0.0,0.0,418.5,6.98,35.6,327.4,05:27,0.075,1.0,3.817,3.67,-0.147,15.0,0.041,0,6.5-7h
uw2-020,uw2,3,University of Washington,Spring 2019,Female,0.0,0.0,456.0,7.6,33.7,247.1,04:07,0.1172,1.0,3.079,3.35,0.271,13.0,-1.0,0,7.5h+
uw2-021,uw2,3,University of Washington,Spring 2019,Female,0.0,0.0,432.9,7.22,42.2,415.7,06:56,0.0711,1.0,3.405,3.04,-0.365,12.0,-1.521,0,7-7.5h
uw2-022,uw2,3,University of Washington,Spring 2019,Female,0.0,1.0,402.1,6.7,53.9,544.1,09:04,0.1108,0.893,3.689,3.89,0.201,14.0,-0.48,0,6.5-7h
uw2-023,uw2,3,University of Washington,Spring 2019,Male,0.0,0.0,401.9,6.7,44.0,372.1,06:12,0.1112,0.893,2.828,3.0,0.172,9.0,-3.083,0,6.5-7h
uw2-024,uw2,3,University of Washington,Spring 2019,Female,0.0,0.0,371.2,6.19,51.3,294.2,04:54,0.1252,0.964,3.823,3.95,0.127,18.0,1.603,0,6-6.5h
uw2-025,uw2,3,University of Washington,Spring 2019,Female,0.0,0.0,323.4,5.39,23.5,340.6,05:41,0.0185,1.0,3.57,3.63,0.06,16.0,0.562,1,<5.5h
uw2-026,uw2,3,University of Washington,Spring 2019,Female,0.0,0.0,428.2,7.14,33.8,292.1,04:52,0.0378,1.0,3.726,3.59,-0.136,18.0,1.603,0,7-7.5h
uw2-027,uw2,3,University of Washington,Spring 2019,Female,1.0,0.0,445.6,7.43,31.2,258.6,04:19,0.0122,1.0,3.16,3.53,0.37,15.0,0.041,0,7-7.5h
uw2-028,uw2,3,University of Washington,Spring 2019,Female,0.0,0.0,349.4,5.82,64.9,423.5,07:04,1.1737,1.0,2.98,3.07,0.09,15.0,0.041,1,5.5-6h
uw2-029,uw2,3,University of Washington,Spring 2019,Female,0.0,0.0,435.6,7.26,35.6,308.6,05:09,0.1808,0.5,3.775,3.7,-0.075,15.0,0.041,0,7-7.5h
uw2-030,uw2,3,University of Washington,Spring 2019,Female,0.0,0.0,449.4,7.49,49.8,315.5,05:16,0.2594,0.786,3.501,3.47,-0.031,16.0,0.562,0,7-7.5h
uw2-031,uw2,3,University of Washington,Spring 2019,Female,0.0,0.0,387.9,6.47,79.4,456.5,07:36,0.5066,1.0,2.947,3.33,0.383,17.0,1.083,0,6-6.5h
uw2-032,uw2,3,University of Washington,Spring 2019,Female,0.0,1.0,486.6,8.11,64.9,328.4,05:28,0.0834,0.786,3.098,3.3,0.202,15.0,0.041,0,7.5h+
uw2-033,uw2,3,University of Washington,Spring 2019,Female,0.0,0.0,437.2,7.29,27.4,347.6,05:48,0.0394,0.964,3.803,3.76,-0.043,18.0,1.603,0,7-7.5h
uw2-034,uw2,3,University of Washington,Spring 2019,Male,0.0,0.0,366.4,6.11,71.1,380.7,06:21,0.1319,0.929,3.315,3.9,0.585,16.0,0.562,0,6-6.5h
uw2-035,uw2,3,University of Washington,Spring 2019,Male,0.0,0.0,466.6,7.78,59.6,275.1,04:35,0.214,0.786,3.428,3.28,-0.148,13.0,-1.0,0,7.5h+
uw2-036,uw2,3,University of Washington,Spring 2019,Female,0.0,0.0,409.5,6.82,36.8,308.4,05:08,0.061,0.964,3.155,3.41,0.255,13.0,-1.0,0,6.5-7h
uw2-037,uw2,3,University of Washington,Spring 2019,Male,0.0,0.0,533.2,8.89,10.4,291.5,04:52,0.0263,1.0,3.938,3.8,-0.138,15.0,0.041,0,7.5h+
uw2-038,uw2,3,University of Washington,Spring 2019,Male,0.0,0.0,363.3,6.05,70.2,341.4,05:41,0.0447,1.0,3.267,3.84,0.573,15.0,0.041,0,6-6.5h
uw2-039,uw2,3,University of Washington,Spring 2019,Female,0.0,0.0,456.0,7.6,39.8,307.1,05:07,0.0526,0.964,3.88,3.78,-0.1,13.0,-1.0,0,7.5h+
uw2-040,uw2,3,University of Washington,Spring 2019,Female,0.0,0.0,412.8,6.88,30.2,322.1,05:22,0.1857,0.929,3.26,3.23,-0.03,15.0,0.041,0,6.5-7h
uw2-041,uw2,3,University of Washington,Spring 2019,Male,0.0,0.0,497.9,8.3,22.3,434.0,07:14,0.1549,0.964,3.33,3.59,0.26,14.0,-0.48,0,7.5h+
uw2-042,uw2,3,University of Washington,Spring 2019,Female,0.0,0.0,372.3,6.2,53.4,372.3,06:12,0.0723,0.25,3.917,4.0,0.083,18.0,1.603,0,6-6.5h
uw2-043,uw2,3,University of Washington,Spring 2019,Male,0.0,0.0,402.3,6.71,44.1,356.3,05:56,0.0361,1.0,3.759,3.43,-0.329,15.0,0.041,0,6.5-7h
uw2-044,uw2,3,University of Washington,Spring 2019,Male,0.0,0.0,433.3,7.22,42.1,493.0,08:13,3.4332,0.893,2.498,3.83,1.332,13.0,-1.0,0,7-7.5h
uw2-045,uw2,3,University of Washington,Spring 2019,Male,0.0,0.0,401.0,6.68,32.6,340.7,05:41,0.0536,0.964,3.788,3.91,0.122,16.0,0.562,0,6.5-7h
uw2-046,uw2,3,University of Washington,Spring 2019,Male,0.0,0.0,359.4,5.99,57.3,395.4,06:35,0.0519,1.0,3.721,3.77,0.049,18.0,1.603,1,5.5-6h
uw2-047,uw2,3,University of Washington,Spring 2019,Female,0.0,0.0,462.4,7.71,25.2,299.8,05:00,0.0713,1.0,3.71,3.45,-0.26,12.0,-1.521,0,7.5h+
uw2-048,uw2,3,University of Washington,Spring 2019,Male,1.0,0.0,446.2,7.44,84.8,364.6,06:05,0.1876,1.0,3.13,3.0,-0.13,15.0,0.041,0,7-7.5h
uw2-049,uw2,3,University of Washington,Spring 2019,Female,0.0,1.0,433.1,7.22,56.6,460.9,07:41,0.0534,0.964,3.731,3.95,0.219,13.0,-1.0,0,7-7.5h
uw2-050,uw2,3,University of Washington,Spring 2019,Male,1.0,1.0,421.8,7.03,35.7,441.2,07:21,0.5668,1.0,3.042,3.53,0.488,15.0,0.041,0,7-7.5h
uw2-051,uw2,3,University of Washington,Spring 2019,Female,0.0,0.0,436.9,7.28,50.2,413.4,06:53,0.0473,1.0,3.57,3.49,-0.08,14.0,-0.48,0,7-7.5h
uw2-052,uw2,3,University of Washington,Spring 2019,Male,0.0,0.0,508.9,8.48,15.4,269.1,04:29,0.0559,0.929,3.546,3.46,-0.086,17.0,1.083,0,7.5h+
uw2-053,uw2,3,University of Washington,Spring 2019,Male,0.0,0.0,336.4,5.61,110.6,434.7,07:15,0.8479,0.964,2.539,1.96,-0.579,12.0,-1.521,1,5.5-6h
uw2-054,uw2,3,University of Washington,Spring 2019,Female,0.0,0.0,388.9,6.48,37.8,345.0,05:45,0.116,1.0,3.241,3.59,0.349,14.0,-0.48,0,6-6.5h
uw2-055,uw2,3,University of Washington,Spring 2019,Male,1.0,0.0,395.4,6.59,34.7,374.0,06:14,0.1629,1.0,3.7,3.32,-0.38,18.0,1.603,0,6.5-7h
uw2-056,uw2,3,University of Washington,Spring 2019,Female,0.0,0.0,428.9,7.15,50.4,404.1,06:44,0.1872,0.607,3.666,3.7,0.034,15.0,0.041,0,7-7.5h
uw2-057,uw2,3,University of Washington,Spring 2019,Male,0.0,1.0,336.4,5.61,33.2,380.6,06:21,0.1741,1.0,3.03,2.0,-1.03,16.0,0.562,1,5.5-6h
uw2-058,uw2,3,University of Washington,Spring 2019,Female,0.0,0.0,378.9,6.32,31.0,463.6,07:44,0.7793,0.821,3.32,3.13,-0.19,14.0,-0.48,0,6-6.5h
uw2-059,uw2,3,University of Washington,Spring 2019,Male,1.0,1.0,360.8,6.01,51.6,375.0,06:15,0.1029,1.0,2.206,2.54,0.334,17.0,1.083,0,6-6.5h
uw2-060,uw2,3,University of Washington,Spring 2019,Female,0.0,0.0,396.6,6.61,35.4,407.9,06:48,0.1087,0.607,3.78,3.8,0.02,17.0,1.083,0,6.5-7h
uw2-061,uw2,3,University of Washington,Spring 2019,Female,1.0,0.0,336.0,5.6,57.9,328.2,05:28,0.0667,0.857,3.157,2.9,-0.257,12.0,-1.521,1,5.5-6h
uw2-062,uw2,3,University of Washington,Spring 2019,Female,1.0,0.0,416.2,6.94,28.3,342.1,05:42,0.0726,1.0,3.201,3.62,0.419,18.0,1.603,0,6.5-7h
uw2-063,uw2,3,University of Washington,Spring 2019,Female,0.0,1.0,478.5,7.98,61.2,429.1,07:09,0.1368,0.893,2.831,3.08,0.249,18.0,1.603,0,7.5h+
uw2-064,uw2,3,University of Washington,Spring 2019,,0.0,0.0,480.6,8.01,23.8,327.5,05:28,0.0964,1.0,3.141,2.8,-0.341,15.0,0.041,0,7.5h+
uw2-065,uw2,3,University of Washington,Spring 2019,Male,0.0,0.0,194.8,3.25,292.3,330.1,05:30,0.7336,0.821,2.947,1.07,-1.877,15.0,0.041,1,<5.5h
uw2-066,uw2,3,University of Washington,Spring 2019,Male,0.0,0.0,371.6,6.19,25.4,442.0,07:22,1.1223,0.5,3.252,3.93,0.678,15.0,0.041,0,6-6.5h
uw2-067,uw2,3,University of Washington,Spring 2019,Female,1.0,0.0,438.9,7.31,24.8,379.2,06:19,0.1146,1.0,3.534,3.72,0.186,14.0,-0.48,0,7-7.5h
uw2-068,uw2,3,University of Washington,Spring 2019,Male,1.0,0.0,438.0,7.3,25.9,402.2,06:42,0.4073,0.321,3.563,4.0,0.437,15.0,0.041,0,7-7.5h
uw2-069,uw2,3,University of Washington,Spring 2019,Female,0.0,0.0,417.2,6.95,42.1,457.8,07:38,0.0883,0.929,3.315,3.53,0.215,15.0,0.041,0,6.5-7h
uw2-070,uw2,3,University of Washington,Spring 2019,Female,0.0,0.0,370.7,6.18,16.8,367.6,06:08,0.058,1.0,3.654,3.3,-0.354,14.0,-0.48,0,6-6.5h
uw2-071,uw2,3,University of Washington,Spring 2019,Male,1.0,0.0,438.5,7.31,30.2,313.7,05:14,0.0171,1.0,3.818,3.63,-0.188,15.0,0.041,0,7-7.5h
uw2-072,uw2,3,University of Washington,Spring 2019,Male,0.0,0.0,387.5,6.46,33.1,338.2,05:38,0.0234,1.0,3.673,4.0,0.327,15.0,0.041,0,6-6.5h
uw2-073,uw2,3,University of Washington,Spring 2019,Male,1.0,1.0,383.7,6.4,53.9,383.4,06:23,0.0397,1.0,2.961,3.45,0.489,13.0,-1.0,0,6-6.5h
uw2-074,uw2,3,University of Washington,Spring 2019,Male,0.0,0.0,397.2,6.62,68.5,360.4,06:00,0.0535,1.0,3.348,3.71,0.362,17.0,1.083,0,6.5-7h
uw2-075,uw2,3,University of Washington,Spring 2019,Female,0.0,0.0,417.9,6.96,51.0,514.0,08:34,0.5772,0.929,4.0,3.97,-0.03,14.0,-0.48,0,6.5-7h
uw2-076,uw2,3,University of Washington,Spring 2019,Female,0.0,0.0,365.0,6.08,47.4,374.2,06:14,0.1579,1.0,3.25,3.27,0.02,15.0,0.041,0,6-6.5h
uw2-077,uw2,3,University of Washington,Spring 2019,Female,1.0,0.0,373.6,6.23,73.4,368.7,06:09,0.1149,0.893,2.606,2.57,-0.036,15.0,0.041,0,6-6.5h
uw2-078,uw2,3,University of Washington,Spring 2019,Male,0.0,0.0,467.0,7.78,11.9,312.5,05:12,0.0391,1.0,3.925,4.0,0.075,16.0,0.562,0,7.5h+
uw2-079,uw2,3,University of Washington,Spring 2019,Female,1.0,0.0,420.9,7.02,37.0,336.0,05:36,0.0512,0.857,3.482,3.33,-0.152,16.0,0.562,0,7-7.5h
uw2-080,uw2,3,University of Washington,Spring 2019,Female,0.0,0.0,452.0,7.53,64.3,352.4,05:52,0.2783,0.964,3.215,2.99,-0.225,18.0,1.603,0,7.5h+
uw2-081,uw2,3,University of Washington,Spring 2019,Female,0.0,1.0,432.9,7.22,28.2,420.3,07:00,0.126,0.929,3.39,3.37,-0.02,16.0,0.562,0,7-7.5h
uw2-082,uw2,3,University of Washington,Spring 2019,Female,1.0,1.0,385.0,6.42,11.4,314.8,05:15,0.0302,1.0,3.802,3.85,0.048,18.0,1.603,0,6-6.5h
uw2-083,uw2,3,University of Washington,Spring 2019,Male,1.0,1.0,438.6,7.31,23.7,266.8,04:27,0.0188,1.0,3.728,3.5,-0.228,16.0,0.562,0,7-7.5h
uw2-084,uw2,3,University of Washington,Spring 2019,Female,0.0,0.0,388.7,6.48,37.1,360.0,06:00,0.0686,0.964,3.959,3.94,-0.019,14.0,-0.48,0,6-6.5h
uw2-085,uw2,3,University of Washington,Spring 2019,Female,1.0,0.0,405.2,6.75,31.6,392.3,06:32,0.6326,0.786,2.986,1.55,-1.436,11.0,-2.042,0,6.5-7h
uw2-086,uw2,3,University of Washington,Spring 2019,Female,1.0,1.0,402.6,6.71,73.3,384.9,06:25,0.08,0.893,3.8,3.25,-0.55,13.0,-1.0,0,6.5-7h
uw2-087,uw2,3,University of Washington,Spring 2019,Male,1.0,1.0,404.4,6.74,61.1,332.1,05:32,0.1362,1.0,2.996,1.8,-1.196,12.0,-1.521,0,6.5-7h
uw2-088,uw2,3,University of Washington,Spring 2019,Female,1.0,1.0,410.1,6.84,50.4,280.5,04:40,0.124,0.964,3.663,3.35,-0.313,13.0,-1.0,0,6.5-7h
uw2-089,uw2,3,University of Washington,Spring 2019,Male,0.0,1.0,350.8,5.85,117.0,494.2,08:14,0.7539,0.964,3.092,2.26,-0.832,8.0,-3.604,1,5.5-6h
uw2-090,uw2,3,University of Washington,Spring 2019,Male,1.0,0.0,425.8,7.1,29.8,350.6,05:51,0.1898,1.0,3.735,3.4,-0.335,13.0,-1.0,0,7-7.5h
uw2-091,uw2,3,University of Washington,Spring 2019,Female,0.0,0.0,367.4,6.12,70.9,344.1,05:44,0.2994,0.321,2.9,3.0,0.1,15.0,0.041,0,6-6.5h
uw2-092,uw2,3,University of Washington,Spring 2019,Male,1.0,1.0,357.3,5.96,18.2,402.0,06:42,0.3765,0.321,3.149,2.5,-0.649,17.0,1.083,1,5.5-6h
uw2-093,uw2,3,University of Washington,Spring 2019,Male,0.0,0.0,466.3,7.77,19.9,327.1,05:27,0.0578,0.964,3.46,3.37,-0.09,13.0,-1.0,0,7.5h+
uw2-094,uw2,3,University of Washington,Spring 2019,Female,0.0,0.0,459.6,7.66,31.6,352.7,05:53,0.1119,1.0,2.998,3.4,0.402,15.0,0.041,0,7.5h+
uw2-095,uw2,3,University of Washington,Spring 2019,Male,0.0,1.0,337.5,5.62,21.8,448.0,07:28,0.3415,0.571,3.409,3.11,-0.299,17.0,1.083,1,5.5-6h
uw2-096,uw2,3,University of Washington,Spring 2019,Female,0.0,0.0,411.5,6.86,35.1,440.8,07:21,0.1034,0.857,3.724,3.86,0.136,18.0,1.603,0,6.5-7h
uw2-097,uw2,3,University of Washington,Spring 2019,Male,1.0,1.0,507.1,8.45,19.8,322.1,05:22,0.0218,0.714,3.708,3.1,-0.608,15.0,0.041,0,7.5h+
uw2-098,uw2,3,University of Washington,Spring 2019,Female,0.0,1.0,413.5,6.89,38.4,441.0,07:21,0.1269,0.893,3.946,3.93,-0.016,15.0,0.041,0,6.5-7h
uw2-099,uw2,3,University of Washington,Spring 2019,Male,1.0,1.0,447.6,7.46,44.2,400.0,06:40,0.1997,0.893,3.414,3.47,0.056,15.0,0.041,0,7-7.5h
uw2-100,uw2,3,University of Washington,Spring 2019,Male,0.0,1.0,463.1,7.72,37.6,386.2,06:26,0.13,0.714,3.3,2.87,-0.43,15.0,0.041,0,7.5h+
uw2-101,uw2,3,University of Washington,Spring 2019,Female,0.0,0.0,402.9,6.72,38.0,305.5,05:06,0.1332,0.964,3.492,2.94,-0.552,14.0,-0.48,0,6.5-7h
uw2-102,uw2,3,University of Washington,Spring 2019,Female,1.0,1.0,335.6,5.59,41.4,377.9,06:18,1.2016,0.964,2.851,2.97,0.119,16.0,0.562,1,5.5-6h
uw2-103,uw2,3,University of Washington,Spring 2019,Male,0.0,0.0,461.1,7.68,20.0,296.6,04:57,0.107,1.0,4.0,4.0,0.0,14.0,-0.48,0,7.5h+
uw2-104,uw2,3,University of Washington,Spring 2019,Female,0.0,0.0,352.8,5.88,79.1,419.3,06:59,0.5716,0.964,3.657,3.3,-0.357,13.0,-1.0,1,5.5-6h
uw2-105,uw2,3,University of Washington,Spring 2019,Female,0.0,0.0,349.6,5.83,100.3,354.9,05:55,0.1481,1.0,3.635,3.83,0.195,18.0,1.603,1,5.5-6h
uw2-106,uw2,3,University of Washington,Spring 2019,Female,0.0,0.0,368.2,6.14,36.2,351.4,05:51,0.0375,0.786,2.83,2.67,-0.16,15.0,0.041,0,6-6.5h
uw2-107,uw2,3,University of Washington,Spring 2019,Female,0.0,0.0,410.6,6.84,18.9,400.6,06:41,0.2043,0.75,3.863,3.8,-0.063,15.0,0.041,0,6.5-7h
uw2-108,uw2,3,University of Washington,Spring 2019,Male,0.0,0.0,436.2,7.27,20.8,319.5,05:20,0.0293,0.714,3.296,3.33,0.034,18.0,1.603,0,7-7.5h
uw2-109,uw2,3,University of Washington,Spring 2019,Female,0.0,0.0,449.6,7.49,15.6,351.4,05:51,0.0446,0.893,3.611,3.09,-0.521,14.0,-0.48,0,7-7.5h
uw2-110,uw2,3,University of Washington,Spring 2019,Male,0.0,0.0,451.1,7.52,29.8,306.2,05:06,0.0593,1.0,3.626,3.54,-0.086,17.0,1.083,0,7.5h+
uw2-111,uw2,3,University of Washington,Spring 2019,Female,1.0,0.0,511.8,8.53,32.1,392.3,06:32,0.0233,0.893,3.24,2.8,-0.44,13.0,-1.0,0,7.5h+
uw2-112,uw2,3,University of Washington,Spring 2019,Male,1.0,0.0,386.2,6.44,47.8,337.9,05:38,0.1725,0.714,3.456,3.15,-0.306,13.0,-1.0,0,6-6.5h
uw2-113,uw2,3,University of Washington,Spring 2019,Female,0.0,0.0,392.8,6.55,46.3,285.7,04:46,0.2217,1.0,3.385,2.77,-0.615,14.0,-0.48,0,6.5-7h
uw2-114,uw2,3,University of Washington,Spring 2019,Male,0.0,0.0,391.9,6.53,40.8,375.8,06:16,0.1503,1.0,3.876,3.87,-0.006,14.0,-0.48,0,6.5-7h
uw2-115,uw2,3,University of Washington,Spring 2019,Male,0.0,0.0,335.3,5.59,83.4,528.3,08:48,0.6334,0.964,1.588,0.35,-1.238,10.0,-2.562,1,5.5-6h
uw2-116,uw2,3,University of Washington,Spring 2019,Female,1.0,0.0,409.8,6.83,30.0,407.5,06:48,0.0195,1.0,3.26,3.52,0.26,13.0,-1.0,0,6.5-7h
uw2-117,uw2,3,University of Washington,Spring 2019,Female,0.0,0.0,393.4,6.56,34.5,364.2,06:04,0.0691,0.929,3.053,3.0,-0.053,15.0,0.041,0,6.5-7h
uw2-118,uw2,3,University of Washington,Spring 2019,Male,1.0,0.0,384.6,6.41,59.0,341.9,05:42,0.1217,0.893,3.075,2.46,-0.615,15.0,0.041,0,6-6.5h
uw2-119,uw2,3,University of Washington,Spring 2019,Male,,0.0,403.0,6.72,23.4,294.8,04:55,0.0324,1.0,3.553,3.27,-0.283,18.0,1.603,0,6.5-7h
uw2-120,uw2,3,University of Washington,Spring 2019,Female,0.0,0.0,382.8,6.38,48.4,504.3,08:24,0.3584,1.0,3.154,3.28,0.126,12.0,-1.521,0,6-6.5h
uw2-121,uw2,3,University of Washington,Spring 2019,Male,0.0,1.0,426.5,7.11,67.3,468.2,07:48,0.0672,1.0,3.165,3.33,0.165,16.0,0.562,0,7-7.5h
uw2-122,uw2,3,University of Washington,Spring 2019,Male,1.0,0.0,417.2,6.95,70.6,361.1,06:01,0.1523,1.0,2.617,3.35,0.733,17.0,1.083,0,6.5-7h
uw2-123,uw2,3,University of Washington,Spring 2019,Male,0.0,0.0,452.6,7.54,93.4,400.4,06:40,0.0901,0.893,3.224,3.5,0.276,15.0,0.041,0,7.5h+
uw2-124,uw2,3,University of Washington,Spring 2019,Male,0.0,0.0,414.6,6.91,34.7,348.6,05:49,0.0559,0.929,3.671,3.62,-0.051,15.0,0.041,0,6.5-7h
uw2-125,uw2,3,University of Washington,Spring 2019,Female,0.0,0.0,369.3,6.15,37.2,322.3,05:22,0.102,0.929,3.139,3.14,0.001,14.0,-0.48,0,6-6.5h
uw2-126,uw2,3,University of Washington,Spring 2019,Male,0.0,1.0,403.4,6.72,64.0,337.4,05:37,0.1748,0.964,3.324,3.46,0.136,14.0,-0.48,0,6.5-7h
uw2-127,uw2,3,University of Washington,Spring 2019,Male,0.0,0.0,399.1,6.65,47.8,366.7,06:07,0.1233,1.0,3.553,3.54,-0.013,13.0,-1.0,0,6.5-7h
uw2-128,uw2,3,University of Washington,Spring 2019,Female,1.0,0.0,414.8,6.91,70.1,426.8,07:07,0.9403,0.929,3.427,3.37,-0.057,15.0,0.041,0,6.5-7h
uw2-129,uw2,3,University of Washington,Spring 2019,Male,0.0,0.0,429.2,7.15,45.6,405.1,06:45,0.1437,0.929,3.714,3.19,-0.524,13.0,-1.0,0,7-7.5h
uw2-130,uw2,3,University of Washington,Spring 2019,Female,0.0,1.0,391.9,6.53,45.6,368.1,06:08,0.2938,0.964,2.799,2.86,0.061,16.0,0.562,0,6.5-7h
uw2-131,uw2,3,University of Washington,Spring 2019,Female,0.0,0.0,399.1,6.65,51.7,446.2,07:26,0.0936,1.0,3.681,3.17,-0.511,15.0,0.041,0,6.5-7h
uw2-132,uw2,3,University of Washington,Spring 2019,Male,1.0,1.0,509.3,8.49,33.5,405.2,06:45,0.0515,1.0,3.156,3.47,0.314,16.0,0.562,0,7.5h+
uw2-133,uw2,3,University of Washington,Spring 2019,Male,0.0,0.0,445.3,7.42,25.2,382.6,06:23,0.1686,0.929,3.535,2.97,-0.565,15.0,0.041,0,7-7.5h
uw2-134,uw2,3,University of Washington,Spring 2019,Female,0.0,0.0,298.3,4.97,6.6,584.7,09:45,10.5954,0.321,3.88,3.52,-0.36,18.0,1.603,1,<5.5h
uw2-135,uw2,3,University of Washington,Spring 2019,Female,0.0,1.0,407.4,6.79,49.1,415.0,06:55,0.0486,0.929,3.601,3.63,0.029,16.0,0.562,0,6.5-7h
uw2-136,uw2,3,University of Washington,Spring 2019,Female,0.0,1.0,436.3,7.27,24.1,433.8,07:14,0.1573,0.786,3.948,3.91,-0.038,18.0,1.603,0,7-7.5h
uw2-137,uw2,3,University of Washington,Spring 2019,Male,0.0,0.0,388.0,6.47,41.1,321.6,05:22,0.0574,0.357,3.162,3.71,0.548,19.0,2.124,0,6-6.5h
uw2-138,uw2,3,University of Washington,Spring 2019,Female,0.0,0.0,403.5,6.72,35.5,427.4,07:07,0.0521,0.964,3.364,3.01,-0.354,15.0,0.041,0,6.5-7h
uw2-139,uw2,3,University of Washington,Spring 2019,Female,0.0,0.0,435.3,7.26,40.4,427.1,07:07,0.1286,0.929,3.625,3.49,-0.135,13.0,-1.0,0,7-7.5h
nh-001,nh,4,University of Notre Dame,Spring 2016,Female,0.0,0.0,427.9,7.13,57.0,309.6,05:10,0.0596,0.933,3.111,3.333,0.222,,,0,7-7.5h
nh-002,nh,4,University of Notre Dame,Spring 2016,Male,0.0,0.0,371.6,6.19,29.8,409.0,06:49,0.1929,0.967,3.905,3.952,0.047,,,0,6-6.5h
nh-003,nh,4,University of Notre Dame,Spring 2016,Male,0.0,0.0,402.0,6.7,76.0,454.4,07:34,0.0861,1.0,3.278,3.611,0.333,,,0,6.5-7h
nh-004,nh,4,University of Notre Dame,Spring 2016,Female,0.0,0.0,427.3,7.12,48.3,337.9,05:38,0.0764,1.0,3.778,3.722,-0.056,,,0,7-7.5h
nh-005,nh,4,University of Notre Dame,Spring 2016,Male,0.0,1.0,440.2,7.34,30.8,383.4,06:23,0.1366,0.933,3.333,3.334,0.001,,,0,7-7.5h
nh-006,nh,4,University of Notre Dame,Spring 2016,Male,0.0,0.0,306.0,5.1,49.3,460.1,07:40,0.2224,0.867,3.667,3.778,0.111,,,1,<5.5h
nh-007,nh,4,University of Notre Dame,Spring 2016,Female,1.0,0.0,456.6,7.61,51.0,385.4,06:25,0.1318,1.0,3.333,3.667,0.334,,,0,7.5h+
nh-008,nh,4,University of Notre Dame,Spring 2016,Female,0.0,0.0,351.0,5.85,54.4,362.0,06:02,0.1596,0.667,3.667,3.556,-0.111,,,1,5.5-6h
nh-009,nh,4,University of Notre Dame,Spring 2016,Male,1.0,1.0,429.6,7.16,59.7,425.3,07:05,0.2094,0.933,3.167,3.5,0.333,,,0,7-7.5h
nh-010,nh,4,University of Notre Dame,Spring 2016,Female,0.0,1.0,412.5,6.88,21.6,353.0,05:53,0.0622,1.0,3.762,3.714,-0.048,,,0,6.5-7h
nh-011,nh,4,University of Notre Dame,Spring 2016,Male,0.0,0.0,415.4,6.92,36.1,417.1,06:57,0.1272,0.833,3.833,3.833,0.0,,,0,6.5-7h
nh-012,nh,4,University of Notre Dame,Spring 2016,Female,1.0,0.0,419.9,7.0,57.0,310.9,05:11,0.0523,1.0,2.933,3.278,0.345,,,0,7-7.5h
nh-013,nh,4,University of Notre Dame,Spring 2016,Male,0.0,0.0,279.2,4.65,122.8,471.6,07:52,0.7389,0.967,3.778,3.944,0.166,,,1,<5.5h
nh-014,nh,4,University of Notre Dame,Spring 2016,Male,0.0,1.0,381.8,6.36,64.9,372.6,06:13,0.1164,1.0,3.556,3.733,0.177,,,0,6-6.5h
nh-015,nh,4,University of Notre Dame,Spring 2016,Female,0.0,0.0,425.1,7.09,11.7,396.2,06:36,0.1993,0.967,3.944,3.944,0.0,,,0,7-7.5h
nh-016,nh,4,University of Notre Dame,Spring 2016,Male,0.0,0.0,460.7,7.68,72.2,448.1,07:28,0.0809,0.967,3.611,3.944,0.333,,,0,7.5h+
nh-017,nh,4,University of Notre Dame,Spring 2016,Male,0.0,0.0,357.4,5.96,127.9,394.4,06:34,0.178,1.0,3.944,4.0,0.056,,,1,5.5-6h
nh-018,nh,4,University of Notre Dame,Spring 2016,Male,0.0,0.0,427.8,7.13,34.5,337.1,05:37,0.1616,1.0,3.667,3.917,0.25,,,0,7-7.5h
nh-019,nh,4,University of Notre Dame,Spring 2016,Male,0.0,0.0,383.9,6.4,18.4,402.6,06:43,0.0239,0.867,3.778,3.889,0.111,,,0,6-6.5h
nh-020,nh,4,University of Notre Dame,Spring 2016,Male,0.0,0.0,393.5,6.56,68.4,346.3,05:46,0.1196,1.0,3.889,3.944,0.055,,,0,6.5-7h
nh-021,nh,4,University of Notre Dame,Spring 2016,Male,0.0,0.0,405.3,6.76,97.4,463.2,07:43,0.1893,1.0,3.333,2.833,-0.5,,,0,6.5-7h
nh-022,nh,4,University of Notre Dame,Spring 2016,Female,0.0,0.0,449.0,7.48,18.7,305.3,05:05,0.063,0.967,3.944,3.905,-0.039,,,0,7-7.5h
nh-023,nh,4,University of Notre Dame,Spring 2016,Female,0.0,0.0,372.1,6.2,40.1,457.9,07:38,0.1862,0.833,3.134,3.444,0.31,,,0,6-6.5h
nh-024,nh,4,University of Notre Dame,Spring 2016,Male,0.0,0.0,399.7,6.66,38.7,404.8,06:45,0.1115,0.967,4.0,3.889,-0.111,,,0,6.5-7h
nh-025,nh,4,University of Notre Dame,Spring 2016,Male,0.0,0.0,378.0,6.3,13.8,383.8,06:24,0.1192,1.0,3.944,3.889,-0.055,,,0,6-6.5h
nh-026,nh,4,University of Notre Dame,Spring 2016,Male,0.0,0.0,426.0,7.1,35.9,351.1,05:51,0.0552,0.967,3.944,3.889,-0.055,,,0,7-7.5h
nh-027,nh,4,University of Notre Dame,Spring 2016,Female,0.0,0.0,304.0,5.07,49.2,544.1,09:04,1.0208,0.8,3.905,3.476,-0.429,,,1,<5.5h
nh-028,nh,4,University of Notre Dame,Spring 2016,Female,0.0,0.0,382.4,6.37,50.7,405.1,06:45,0.0963,1.0,3.444,3.778,0.334,,,0,6-6.5h
nh-029,nh,4,University of Notre Dame,Spring 2016,Female,0.0,0.0,397.8,6.63,25.6,318.3,05:18,0.0238,1.0,3.5,3.667,0.167,,,0,6.5-7h
nh-030,nh,4,University of Notre Dame,Spring 2016,Female,0.0,0.0,374.1,6.24,44.8,394.1,06:34,0.2159,0.633,3.067,3.467,0.4,,,0,6-6.5h
nh-031,nh,4,University of Notre Dame,Spring 2016,Female,0.0,0.0,332.7,5.54,39.8,465.2,07:45,0.7882,0.8,3.833,3.667,-0.166,,,1,5.5-6h
nh-032,nh,4,University of Notre Dame,Spring 2016,Male,0.0,0.0,413.6,6.89,54.4,341.4,05:41,0.1354,0.967,3.889,3.722,-0.167,,,0,6.5-7h
nh-033,nh,4,University of Notre Dame,Spring 2016,Male,0.0,1.0,369.9,6.17,18.6,402.7,06:43,0.0867,0.967,3.619,3.81,0.191,,,0,6-6.5h
nh-034,nh,4,University of Notre Dame,Spring 2016,Male,0.0,0.0,393.4,6.56,29.9,361.3,06:01,0.0444,0.967,3.111,3.5,0.389,,,0,6.5-7h
nh-035,nh,4,University of Notre Dame,Spring 2016,Female,0.0,0.0,324.1,5.4,64.4,482.3,08:02,0.9094,0.7,3.389,3.733,0.344,,,1,<5.5h
nh-036,nh,4,University of Notre Dame,Spring 2016,Female,0.0,1.0,282.6,4.71,100.9,497.1,08:17,12.2105,0.267,3.222,3.611,0.389,,,1,<5.5h
nh-037,nh,4,University of Notre Dame,Spring 2016,Female,0.0,0.0,411.6,6.86,7.2,349.7,05:50,0.0116,0.933,3.944,3.889,-0.055,,,0,6.5-7h
nh-038,nh,4,University of Notre Dame,Spring 2016,Female,0.0,1.0,353.2,5.89,82.1,353.0,05:53,0.0659,1.0,3.4,3.056,-0.344,,,1,5.5-6h
nh-039,nh,4,University of Notre Dame,Spring 2016,Female,0.0,1.0,419.6,6.99,86.5,497.3,08:17,1.9035,0.567,3.428,3.533,0.105,,,0,6.5-7h
nh-040,nh,4,University of Notre Dame,Spring 2016,Male,0.0,0.0,412.9,6.88,54.2,335.9,05:36,0.0693,0.967,3.556,3.444,-0.112,,,0,6.5-7h
nh-041,nh,4,University of Notre Dame,Spring 2016,Female,0.0,0.0,375.0,6.25,79.1,340.2,05:40,0.2345,0.833,3.5,3.556,0.056,,,0,6-6.5h
nh-042,nh,4,University of Notre Dame,Spring 2016,Female,0.0,0.0,410.8,6.85,37.8,281.7,04:42,0.1272,0.6,4.0,3.952,-0.048,,,0,6.5-7h
nh-043,nh,4,University of Notre Dame,Spring 2016,Female,0.0,1.0,404.4,6.74,33.6,340.6,05:41,0.1258,0.967,4.0,3.833,-0.167,,,0,6.5-7h
nh-044,nh,4,University of Notre Dame,Spring 2016,Male,0.0,0.0,371.2,6.19,37.8,437.4,07:17,0.3616,0.867,3.722,3.167,-0.555,,,0,6-6.5h
nh-045,nh,4,University of Notre Dame,Spring 2016,Male,0.0,0.0,395.9,6.6,92.7,424.8,07:05,0.2255,0.967,3.389,3.5,0.111,,,0,6.5-7h
nh-046,nh,4,University of Notre Dame,Spring 2016,Male,0.0,1.0,369.0,6.15,49.0,322.0,05:22,0.1166,0.867,3.444,3.667,0.223,,,0,6-6.5h
nh-047,nh,4,University of Notre Dame,Spring 2016,Male,0.0,0.0,413.7,6.89,29.4,331.6,05:32,0.0523,0.967,3.571,3.778,0.207,,,0,6.5-7h
nh-048,nh,4,University of Notre Dame,Spring 2016,Male,0.0,0.0,438.9,7.31,22.9,376.3,06:16,0.049,0.833,3.556,3.611,0.055,,,0,7-7.5h
nh-049,nh,4,University of Notre Dame,Spring 2016,Female,0.0,0.0,389.4,6.49,32.3,350.2,05:50,0.0761,1.0,3.714,3.667,-0.047,,,0,6-6.5h
nh-050,nh,4,University of Notre Dame,Spring 2016,Male,0.0,0.0,483.3,8.06,26.3,400.4,06:40,0.0796,0.8,3.714,3.867,0.153,,,0,7.5h+
nh-051,nh,4,University of Notre Dame,Spring 2016,Female,0.0,0.0,407.2,6.79,26.6,372.9,06:13,0.6276,0.8,3.444,3.722,0.278,,,0,6.5-7h
nh-052,nh,4,University of Notre Dame,Spring 2016,Female,0.0,0.0,383.7,6.39,25.3,354.7,05:55,0.0937,0.733,3.833,3.833,0.0,,,0,6-6.5h
nh-053,nh,4,University of Notre Dame,Spring 2016,Female,0.0,0.0,341.5,5.69,22.6,394.4,06:34,0.1377,0.967,3.556,2.944,-0.612,,,1,5.5-6h
nh-054,nh,4,University of Notre Dame,Spring 2016,Female,0.0,0.0,379.3,6.32,28.2,375.0,06:15,0.1784,1.0,3.889,3.667,-0.222,,,0,6-6.5h
nh-055,nh,4,University of Notre Dame,Spring 2016,Male,0.0,0.0,333.1,5.55,75.4,373.1,06:13,0.1783,0.9,3.778,3.611,-0.167,,,1,5.5-6h
nh-056,nh,4,University of Notre Dame,Spring 2016,Female,0.0,0.0,422.5,7.04,6.5,339.4,05:39,0.0225,0.933,3.762,3.714,-0.048,,,0,7-7.5h
nh-057,nh,4,University of Notre Dame,Spring 2016,Female,0.0,0.0,359.5,5.99,40.2,338.2,05:38,0.0336,0.933,3.556,3.667,0.111,,,1,5.5-6h
nh-058,nh,4,University of Notre Dame,Spring 2016,Female,0.0,0.0,352.6,5.88,34.4,380.5,06:20,0.9192,0.9,3.889,3.889,0.0,,,1,5.5-6h
nh-059,nh,4,University of Notre Dame,Spring 2016,Female,0.0,0.0,318.1,5.3,49.4,372.9,06:13,0.2617,0.233,3.944,3.834,-0.11,,,1,<5.5h
nh-060,nh,4,University of Notre Dame,Spring 2016,Male,0.0,1.0,364.3,6.07,25.2,381.4,06:21,0.1407,0.967,3.333,3.778,0.445,,,0,6-6.5h
nh-061,nh,4,University of Notre Dame,Spring 2016,Female,0.0,1.0,384.0,6.4,16.1,374.2,06:14,0.0833,1.0,3.81,3.81,0.0,,,0,6-6.5h
nh-062,nh,4,University of Notre Dame,Spring 2016,Female,0.0,1.0,377.0,6.28,27.2,368.8,06:09,0.5679,0.867,3.667,3.952,0.285,,,0,6-6.5h
nh-063,nh,4,University of Notre Dame,Spring 2016,Male,0.0,0.0,398.4,6.64,47.3,371.8,06:12,0.0575,0.9,4.0,4.0,0.0,,,0,6.5-7h
nh-064,nh,4,University of Notre Dame,Spring 2016,Male,0.0,0.0,375.7,6.26,33.5,376.5,06:16,0.143,0.633,3.667,3.875,0.208,,,0,6-6.5h
nh-065,nh,4,University of Notre Dame,Spring 2016,Female,0.0,0.0,390.5,6.51,48.7,428.8,07:09,0.5021,0.7,3.889,3.667,-0.222,,,0,6.5-7h
nh-066,nh,4,University of Notre Dame,Spring 2016,Female,0.0,0.0,407.7,6.79,55.8,335.9,05:36,0.1226,0.933,3.762,3.833,0.071,,,0,6.5-7h
nh-067,nh,4,University of Notre Dame,Spring 2016,Female,0.0,0.0,437.3,7.29,47.4,367.4,06:07,0.0465,0.9,3.619,3.611,-0.008,,,0,7-7.5h
nh-068,nh,4,University of Notre Dame,Spring 2016,Female,0.0,0.0,462.3,7.71,20.3,344.0,05:44,0.0395,0.9,3.572,3.619,0.047,,,0,7.5h+
nh-069,nh,4,University of Notre Dame,Spring 2016,Female,0.0,0.0,464.7,7.75,35.4,422.7,07:03,0.0924,1.0,3.778,3.889,0.111,,,0,7.5h+
nh-070,nh,4,University of Notre Dame,Spring 2016,Female,0.0,0.0,348.5,5.81,47.1,346.7,05:47,0.0847,0.967,3.722,3.778,0.056,,,1,5.5-6h
nh-071,nh,4,University of Notre Dame,Spring 2016,Male,0.0,0.0,390.8,6.51,31.6,406.6,06:47,0.1584,0.8,3.166,3.611,0.445,,,0,6.5-7h
nh-072,nh,4,University of Notre Dame,Spring 2016,Female,0.0,1.0,351.3,5.86,120.9,403.2,06:43,0.08,0.967,3.611,3.5,-0.111,,,1,5.5-6h
nh-073,nh,4,University of Notre Dame,Spring 2016,Male,0.0,0.0,415.1,6.92,48.9,390.2,06:30,0.129,0.867,3.833,4.0,0.167,,,0,6.5-7h
nh-074,nh,4,University of Notre Dame,Spring 2016,Female,0.0,0.0,340.8,5.68,26.3,446.1,07:26,0.2968,0.7,3.714,3.762,0.048,,,1,5.5-6h
nh-075,nh,4,University of Notre Dame,Spring 2016,Female,0.0,1.0,316.8,5.28,26.8,437.2,07:17,2.4655,0.467,3.667,3.778,0.111,,,1,<5.5h
nh-076,nh,4,University of Notre Dame,Spring 2016,Male,1.0,0.0,273.9,4.57,30.5,455.8,07:36,0.266,0.8,2.8,3.467,0.667,,,1,<5.5h
nh-077,nh,4,University of Notre Dame,Spring 2016,Male,0.0,1.0,430.0,7.17,44.8,469.9,07:50,0.0877,1.0,3.733,3.611,-0.122,,,0,7-7.5h
nh-078,nh,4,University of Notre Dame,Spring 2016,Female,0.0,1.0,446.7,7.45,77.3,320.4,05:20,0.0394,0.967,3.857,4.0,0.143,,,0,7-7.5h
nh-079,nh,4,University of Notre Dame,Spring 2016,Female,0.0,1.0,401.9,6.7,12.9,367.3,06:07,0.2719,0.933,3.278,3.611,0.333,,,0,6.5-7h
nh-080,nh,4,University of Notre Dame,Spring 2016,Male,0.0,1.0,445.4,7.42,66.6,410.6,06:51,0.0402,1.0,3.722,3.733,0.011,,,0,7-7.5h
nh-081,nh,4,University of Notre Dame,Spring 2016,Male,0.0,0.0,481.4,8.02,23.6,386.9,06:27,0.1663,0.933,3.389,3.556,0.167,,,0,7.5h+
nh-082,nh,4,University of Notre Dame,Spring 2016,Male,0.0,0.0,437.2,7.29,50.5,327.4,05:27,0.0842,1.0,3.778,3.834,0.056,,,0,7-7.5h
nh-083,nh,4,University of Notre Dame,Spring 2016,Female,0.0,0.0,465.0,7.75,34.0,333.2,05:33,0.0503,1.0,3.778,3.722,-0.056,,,0,7.5h+
nh-084,nh,4,University of Notre Dame,Spring 2016,Female,0.0,0.0,441.6,7.36,42.4,372.7,06:13,0.0753,0.967,3.944,3.917,-0.027,,,0,7-7.5h
nh-085,nh,4,University of Notre Dame,Spring 2016,Male,0.0,0.0,408.4,6.81,54.0,443.8,07:24,0.0927,0.967,3.952,3.905,-0.047,,,0,6.5-7h
nh-086,nh,4,University of Notre Dame,Spring 2016,Female,0.0,1.0,330.5,5.51,41.8,491.3,08:11,1.1291,0.9,3.292,3.333,0.041,,,1,5.5-6h
nh-087,nh,4,University of Notre Dame,Spring 2016,Female,0.0,0.0,336.9,5.62,16.2,323.1,05:23,0.0672,0.933,3.611,3.857,0.246,,,1,5.5-6h
nh-088,nh,4,University of Notre Dame,Spring 2016,Female,0.0,0.0,404.3,6.74,110.5,401.4,06:41,0.2685,0.967,3.278,3.556,0.278,,,0,6.5-7h
nh-089,nh,4,University of Notre Dame,Spring 2016,Male,0.0,0.0,347.9,5.8,34.1,322.5,05:22,0.0607,1.0,3.5,3.444,-0.056,,,1,5.5-6h
nh-090,nh,4,University of Notre Dame,Spring 2016,Male,0.0,0.0,311.6,5.19,27.4,376.4,06:16,0.1697,0.933,3.524,3.238,-0.286,,,1,<5.5h
nh-091,nh,4,University of Notre Dame,Spring 2016,Male,0.0,0.0,408.2,6.8,20.2,371.7,06:12,0.0518,0.967,3.944,3.833,-0.111,,,0,6.5-7h
nh-092,nh,4,University of Notre Dame,Spring 2016,Male,0.0,1.0,398.1,6.64,49.1,317.0,05:17,0.0721,1.0,3.889,4.0,0.111,,,0,6.5-7h
nh-093,nh,4,University of Notre Dame,Spring 2016,Male,0.0,0.0,358.9,5.98,32.1,369.1,06:09,0.1036,0.633,3.667,3.444,-0.223,,,1,5.5-6h
nh-094,nh,4,University of Notre Dame,Spring 2016,Male,0.0,1.0,405.2,6.75,34.0,504.5,08:24,1.1609,0.8,3.533,3.625,0.092,,,0,6.5-7h
nh-095,nh,4,University of Notre Dame,Spring 2016,Male,0.0,0.0,465.7,7.76,15.7,391.3,06:31,0.0504,1.0,3.889,3.889,0.0,,,0,7.5h+
nh-096,nh,4,University of Notre Dame,Spring 2016,Female,0.0,,373.6,6.23,40.9,426.2,07:06,2.0198,0.533,3.667,3.667,0.0,,,0,6-6.5h
nh-097,nh,4,University of Notre Dame,Spring 2016,Male,0.0,0.0,316.8,5.28,91.3,386.4,06:26,0.2501,1.0,3.222,3.0,-0.222,,,1,<5.5h
nh-098,nh,4,University of Notre Dame,Spring 2016,Male,0.0,0.0,299.1,4.98,51.7,435.5,07:16,0.1043,0.9,3.444,3.556,0.112,,,1,<5.5h
nh-099,nh,4,University of Notre Dame,Spring 2016,Male,0.0,0.0,376.9,6.28,33.4,364.7,06:05,0.1924,0.9,3.667,3.556,-0.111,,,0,6-6.5h
nh-100,nh,4,University of Notre Dame,Spring 2016,Female,0.0,0.0,485.4,8.09,29.7,275.0,04:35,0.0102,1.0,3.889,3.667,-0.222,,,0,7.5h+
nh-101,nh,4,University of Notre Dame,Spring 2016,Female,0.0,0.0,467.7,7.79,20.5,343.4,05:43,0.0446,0.833,3.778,3.944,0.166,,,0,7.5h+
nh-102,nh,4,University of Notre Dame,Spring 2016,Male,1.0,0.0,356.8,5.95,45.8,414.4,06:54,0.0834,1.0,3.333,3.267,-0.066,,,1,5.5-6h
nh-103,nh,4,University of Notre Dame,Spring 2016,Male,0.0,1.0,415.0,6.92,38.0,287.1,04:47,0.0344,1.0,3.952,3.905,-0.047,,,0,6.5-7h
nh-104,nh,4,University of Notre Dame,Spring 2016,Male,0.0,0.0,334.5,5.58,19.5,365.9,06:06,0.0961,0.567,3.571,3.5,-0.071,,,1,5.5-6h
nh-105,nh,4,University of Notre Dame,Spring 2016,Female,0.0,0.0,300.8,5.01,133.2,518.8,08:39,1.1035,0.7,3.111,3.166,0.055,,,1,<5.5h
nh-106,nh,4,University of Notre Dame,Spring 2016,Female,0.0,0.0,474.8,7.91,13.6,326.1,05:26,0.023,1.0,3.334,3.2,-0.134,,,0,7.5h+
nh-107,nh,4,University of Notre Dame,Spring 2016,Male,0.0,0.0,427.4,7.12,24.2,398.4,06:38,0.0612,1.0,3.944,3.889,-0.055,,,0,7-7.5h
nh-108,nh,4,University of Notre Dame,Spring 2016,Female,0.0,0.0,390.9,6.52,63.3,352.8,05:53,0.318,0.967,3.5,3.857,0.357,,,0,6.5-7h
nh-109,nh,4,University of Notre Dame,Spring 2016,Female,0.0,0.0,306.3,5.11,19.6,432.7,07:13,0.1743,0.933,3.722,3.556,-0.166,,,1,<5.5h
nh-110,nh,4,University of Notre Dame,Spring 2016,Male,0.0,0.0,340.1,5.67,35.6,404.1,06:44,0.6452,0.9,3.833,3.905,0.072,,,1,5.5-6h
nh-111,nh,4,University of Notre Dame,Spring 2016,Female,1.0,0.0,384.2,6.4,52.3,369.5,06:10,0.0792,1.0,3.722,3.722,0.0,,,0,6-6.5h
nh-112,nh,4,University of Notre Dame,Spring 2016,Male,0.0,0.0,357.9,5.96,21.4,355.1,05:55,0.1623,0.7,3.778,3.889,0.111,,,1,5.5-6h
nh-113,nh,4,University of Notre Dame,Spring 2016,Male,0.0,0.0,366.7,6.11,20.1,408.2,06:48,0.0991,1.0,3.833,3.667,-0.166,,,0,6-6.5h
nh-114,nh,4,University of Notre Dame,Spring 2016,Female,0.0,1.0,272.6,4.54,12.6,390.1,06:30,0.1503,0.967,3.533,3.167,-0.366,,,1,<5.5h
nh-115,nh,4,University of Notre Dame,Spring 2016,Female,0.0,1.0,423.7,7.06,31.9,324.4,05:24,0.0807,1.0,3.834,3.944,0.11,,,0,7-7.5h
nh-116,nh,4,University of Notre Dame,Spring 2016,Female,0.0,1.0,452.7,7.54,16.2,369.0,06:09,0.0467,1.0,3.833,3.556,-0.277,,,0,7.5h+
nh-117,nh,4,University of Notre Dame,Spring 2016,Female,0.0,0.0,454.7,7.58,14.5,408.5,06:48,0.0392,1.0,3.556,3.556,0.0,,,0,7.5h+
nh-118,nh,4,University of Notre Dame,Spring 2016,Female,0.0,0.0,382.7,6.38,15.6,359.0,05:59,0.4108,0.733,3.762,3.944,0.182,,,0,6-6.5h
nh-119,nh,4,University of Notre Dame,Spring 2016,Female,0.0,0.0,375.1,6.25,58.6,342.6,05:43,0.1025,0.967,3.857,4.0,0.143,,,0,6-6.5h
nh-120,nh,4,University of Notre Dame,Spring 2016,Female,,0.0,327.7,5.46,42.0,476.8,07:57,0.1321,1.0,3.278,3.222,-0.056,,,1,<5.5h
nh-121,nh,4,University of Notre Dame,Spring 2016,Male,0.0,0.0,349.3,5.82,43.4,393.1,06:33,0.1978,0.867,3.611,3.222,-0.389,,,1,5.5-6h
nh-122,nh,4,University of Notre Dame,Spring 2016,Male,0.0,0.0,368.0,6.13,20.4,384.6,06:25,0.0924,0.833,3.778,3.8,0.022,,,0,6-6.5h
nh-123,nh,4,University of Notre Dame,Spring 2016,Male,0.0,0.0,453.7,7.56,32.9,479.2,07:59,7.2119,0.3,3.944,3.889,-0.055,,,0,7.5h+
nh-124,nh,4,University of Notre Dame,Spring 2016,Female,0.0,0.0,420.9,7.02,15.2,377.5,06:18,0.0695,1.0,3.722,3.944,0.222,,,0,7-7.5h
nh-125,nh,4,University of Notre Dame,Spring 2016,Male,0.0,0.0,332.3,5.54,40.3,377.1,06:17,0.0316,0.967,3.944,3.944,0.0,,,1,5.5-6h
nh-126,nh,4,University of Notre Dame,Spring 2016,Male,0.0,0.0,325.4,5.42,34.7,477.8,07:58,0.4863,0.9,3.278,2.722,-0.556,,,1,<5.5h
nh-127,nh,4,University of Notre Dame,Spring 2016,Female,0.0,0.0,419.4,6.99,35.0,393.7,06:34,0.8873,0.833,3.762,3.952,0.19,,,0,6.5-7h
nh-128,nh,4,University of Notre Dame,Spring 2016,Male,0.0,0.0,260.6,4.34,177.5,390.7,06:31,0.1606,0.933,3.857,3.944,0.087,,,1,<5.5h
nh-129,nh,4,University of Notre Dame,Spring 2016,Male,0.0,0.0,420.3,7.0,58.0,425.7,07:06,0.2333,0.967,3.778,4.0,0.222,,,0,7-7.5h
nh-130,nh,4,University of Notre Dame,Spring 2016,Male,0.0,0.0,443.7,7.4,54.9,338.6,05:39,0.0447,1.0,4.0,4.0,0.0,,,0,7-7.5h
nh-131,nh,4,University of Notre Dame,Spring 2016,Male,0.0,0.0,398.8,6.65,62.7,437.4,07:17,0.1224,0.633,4.0,4.0,0.0,,,0,6.5-7h
nh-132,nh,4,University of Notre Dame,Spring 2016,Male,0.0,1.0,342.4,5.71,99.8,544.7,09:05,0.4888,0.7,3.5,3.133,-0.367,,,1,5.5-6h
nh-133,nh,4,University of Notre Dame,Spring 2016,Male,1.0,0.0,327.5,5.46,39.7,362.2,06:02,0.1613,0.9,3.667,3.81,0.143,,,1,<5.5h
nh-134,nh,4,University of Notre Dame,Spring 2016,Female,0.0,0.0,391.1,6.52,29.0,343.8,05:44,0.1191,0.867,3.381,3.714,0.333,,,0,6.5-7h
nh-135,nh,4,University of Notre Dame,Spring 2016,Male,0.0,0.0,419.3,6.99,19.8,328.4,05:28,0.0616,1.0,3.889,3.667,-0.222,,,0,6.5-7h
nh-136,nh,4,University of Notre Dame,Spring 2016,Female,0.0,0.0,334.6,5.58,43.7,332.2,05:32,0.0323,0.933,3.444,3.556,0.112,,,1,5.5-6h
nh-137,nh,4,University of Notre Dame,Spring 2016,Male,1.0,0.0,275.8,4.6,40.8,382.1,06:22,0.1003,0.867,3.056,3.333,0.277,,,1,<5.5h
nh-138,nh,4,University of Notre Dame,Spring 2016,Male,0.0,0.0,359.8,6.0,120.4,327.4,05:27,0.2648,0.967,3.8,3.667,-0.133,,,0,6-6.5h
nh-139,nh,4,University of Notre Dame,Spring 2016,Male,0.0,1.0,363.2,6.05,17.6,438.4,07:18,0.0632,1.0,3.834,3.944,0.11,,,0,6-6.5h
nh-140,nh,4,University of Notre Dame,Spring 2016,Male,0.0,0.0,351.5,5.86,65.5,394.5,06:34,0.1034,1.0,3.111,3.167,0.056,,,1,5.5-6h
nh-141,nh,4,University of Notre Dame,Spring 2016,Male,0.0,0.0,468.6,7.81,49.0,410.5,06:50,0.0157,0.933,3.667,3.667,0.0,,,0,7.5h+
nh-142,nh,4,University of Notre Dame,Spring 2016,Male,0.0,1.0,367.8,6.13,84.1,398.9,06:39,0.1053,0.967,3.889,3.611,-0.278,,,0,6-6.5h
nh-143,nh,4,University of Notre Dame,Spring 2016,Female,0.0,0.0,318.1,5.3,49.5,580.8,09:41,2.3167,0.533,3.611,3.444,-0.167,,,1,<5.5h
nh-144,nh,4,University of Notre Dame,Spring 2016,Male,0.0,0.0,360.8,6.01,65.4,389.4,06:29,0.2381,0.833,3.389,3.389,0.0,,,0,6-6.5h
nh-145,nh,4,University of Notre Dame,Spring 2016,Female,0.0,0.0,427.6,7.13,34.5,314.5,05:14,0.1279,0.967,3.834,3.722,-0.112,,,0,7-7.5h
nh-146,nh,4,University of Notre Dame,Spring 2016,Female,0.0,0.0,324.3,5.41,41.6,344.8,05:45,0.2854,0.9,3.334,3.222,-0.112,,,1,<5.5h
nh-147,nh,4,University of Notre Dame,Spring 2016,Male,0.0,1.0,383.4,6.39,44.3,407.9,06:48,0.0913,0.967,3.722,3.611,-0.111,,,0,6-6.5h
lac1-001,lac1,5,Carnegie Mellon University,Spring 2017,Female,1.0,1.0,392.6,6.54,54.6,416.5,06:56,0.1301,1.0,3.61,3.56,-0.05,61.0,1.958,0,6.5-7h
lac1-002,lac1,5,Carnegie Mellon University,Spring 2017,Female,0.0,0.0,377.6,6.29,49.4,439.3,07:19,0.1425,0.793,3.21,3.3,0.09,49.0,-0.139,0,6-6.5h
lac1-003,lac1,5,Carnegie Mellon University,Spring 2017,Female,0.0,0.0,422.8,7.05,8.9,415.7,06:56,0.069,1.0,3.09,2.6,-0.49,48.0,-0.313,0,7-7.5h
lac1-004,lac1,5,Carnegie Mellon University,Spring 2017,Male,0.0,0.0,392.2,6.54,23.3,387.1,06:27,0.1505,1.0,4.0,4.0,0.0,40.0,-1.711,0,6.5-7h
lac1-005,lac1,5,Carnegie Mellon University,Spring 2017,Male,0.0,0.0,389.4,6.49,23.8,441.0,07:21,1.179,0.897,2.82,3.2,0.38,48.0,-0.313,0,6-6.5h
lac1-006,lac1,5,Carnegie Mellon University,Spring 2017,Female,0.0,1.0,465.4,7.76,15.3,315.3,05:15,0.0751,1.0,2.7,1.97,-0.73,43.0,-1.187,0,7.5h+
lac1-007,lac1,5,Carnegie Mellon University,Spring 2017,Male,0.0,0.0,445.6,7.43,22.3,316.5,05:16,0.1511,0.966,3.8,4.0,0.2,48.0,-0.313,0,7-7.5h
lac1-008,lac1,5,Carnegie Mellon University,Spring 2017,Male,0.0,0.0,439.9,7.33,13.4,321.7,05:22,0.0206,1.0,3.46,4.0,0.54,51.0,0.211,0,7-7.5h
lac1-009,lac1,5,Carnegie Mellon University,Spring 2017,Male,0.0,1.0,444.9,7.42,30.5,347.4,05:47,0.0751,0.793,4.0,4.0,0.0,41.0,-1.537,0,7-7.5h
lac1-010,lac1,5,Carnegie Mellon University,Spring 2017,Male,1.0,0.0,366.8,6.11,10.2,431.7,07:12,0.2469,1.0,3.0,3.2,0.2,57.0,1.259,0,6-6.5h
lac1-011,lac1,5,Carnegie Mellon University,Spring 2017,Female,0.0,0.0,411.3,6.86,18.7,373.1,06:13,0.0901,1.0,4.0,3.4,-0.6,52.0,0.386,0,6.5-7h
lac1-012,lac1,5,Carnegie Mellon University,Spring 2017,Female,0.0,0.0,359.2,5.99,6.1,330.3,05:30,0.0608,1.0,4.0,3.44,-0.56,55.0,0.91,1,5.5-6h
lac1-013,lac1,5,Carnegie Mellon University,Spring 2017,Female,0.0,0.0,477.9,7.97,22.0,370.3,06:10,0.6467,0.897,3.48,3.83,0.35,52.0,0.386,0,7.5h+
lac1-014,lac1,5,Carnegie Mellon University,Spring 2017,Male,0.0,0.0,430.1,7.17,22.3,497.0,08:17,0.3234,0.414,3.79,3.41,-0.38,46.0,-0.663,0,7-7.5h
lac1-015,lac1,5,Carnegie Mellon University,Spring 2017,Female,0.0,0.0,414.1,6.9,14.0,432.5,07:12,0.0793,1.0,3.23,3.49,0.26,43.0,-1.187,0,6.5-7h
lac1-016,lac1,5,Carnegie Mellon University,Spring 2017,Female,0.0,0.0,309.0,5.15,85.5,334.8,05:35,0.085,1.0,3.53,2.55,-0.98,59.0,1.609,1,<5.5h
lac1-017,lac1,5,Carnegie Mellon University,Spring 2017,Male,0.0,0.0,373.2,6.22,23.7,468.0,07:48,0.0964,1.0,4.0,3.81,-0.19,53.0,0.56,0,6-6.5h
lac1-018,lac1,5,Carnegie Mellon University,Spring 2017,Male,0.0,0.0,431.3,7.19,17.8,352.4,05:52,0.1047,1.0,3.05,2.73,-0.32,45.0,-0.838,0,7-7.5h
lac1-019,lac1,5,Carnegie Mellon University,Spring 2017,Female,0.0,0.0,406.5,6.78,39.0,358.1,05:58,0.0874,0.862,3.72,3.06,-0.66,51.0,0.211,0,6.5-7h
lac1-020,lac1,5,Carnegie Mellon University,Spring 2017,Male,0.0,0.0,394.9,6.58,67.5,339.3,05:39,0.3247,0.517,4.0,4.0,0.0,48.0,-0.313,0,6.5-7h
lac1-021,lac1,5,Carnegie Mellon University,Spring 2017,Female,0.0,0.0,324.6,5.41,21.7,371.3,06:11,0.4229,0.931,2.0,2.8,0.8,45.0,-0.838,1,<5.5h
lac1-022,lac1,5,Carnegie Mellon University,Spring 2017,Male,0.0,0.0,402.7,6.71,10.5,365.2,06:05,0.1672,0.793,2.49,2.77,0.28,44.0,-1.012,0,6.5-7h
lac1-023,lac1,5,Carnegie Mellon University,Spring 2017,Male,0.0,0.0,398.4,6.64,55.7,347.0,05:47,0.1735,0.379,3.98,4.0,0.02,49.0,-0.139,0,6.5-7h
lac1-024,lac1,5,Carnegie Mellon University,Spring 2017,Female,1.0,0.0,439.6,7.33,12.2,366.1,06:06,0.0398,1.0,3.1,3.3,0.2,56.0,1.085,0,7-7.5h
lac1-025,lac1,5,Carnegie Mellon University,Spring 2017,Male,1.0,1.0,428.6,7.14,21.3,323.8,05:24,0.0717,0.931,2.44,3.07,0.63,43.0,-1.187,0,7-7.5h
lac1-026,lac1,5,Carnegie Mellon University,Spring 2017,Female,0.0,1.0,391.9,6.53,13.1,364.5,06:04,0.1417,1.0,3.66,2.6,-1.06,64.0,2.483,0,6.5-7h
lac1-027,lac1,5,Carnegie Mellon University,Spring 2017,Female,0.0,0.0,372.2,6.2,25.0,383.2,06:23,0.0624,0.966,4.0,3.82,-0.18,54.0,0.735,0,6-6.5h
lac1-028,lac1,5,Carnegie Mellon University,Spring 2017,Male,0.0,1.0,429.9,7.16,52.7,437.8,07:18,0.2523,1.0,3.52,3.46,-0.06,53.0,0.56,0,7-7.5h
lac1-029,lac1,5,Carnegie Mellon University,Spring 2017,Male,0.0,0.0,387.9,6.47,31.8,421.2,07:01,0.0163,0.966,3.26,3.04,-0.22,48.0,-0.313,0,6-6.5h
lac1-030,lac1,5,Carnegie Mellon University,Spring 2017,Male,0.0,1.0,357.0,5.95,47.1,446.7,07:27,0.0647,1.0,2.0,1.5,-0.5,40.0,-1.711,1,5.5-6h
lac1-031,lac1,5,Carnegie Mellon University,Spring 2017,Female,0.0,0.0,445.9,7.43,14.3,322.1,05:22,0.1521,0.897,4.0,4.0,0.0,51.0,0.211,0,7-7.5h
lac1-032,lac1,5,Carnegie Mellon University,Spring 2017,Female,0.0,0.0,406.3,6.77,5.9,473.0,07:53,0.0575,1.0,3.23,3.59,0.36,51.0,0.211,0,6.5-7h
lac1-033,lac1,5,Carnegie Mellon University,Spring 2017,Male,0.0,0.0,348.1,5.8,22.1,430.4,07:10,0.4935,0.828,2.6,3.08,0.48,39.0,-1.886,1,5.5-6h
lac1-034,lac1,5,Carnegie Mellon University,Spring 2017,Male,0.0,0.0,414.7,6.91,17.8,496.2,08:16,0.0785,0.862,3.77,3.25,-0.52,48.0,-0.313,0,6.5-7h
lac1-035,lac1,5,Carnegie Mellon University,Spring 2017,Male,0.0,0.0,443.1,7.39,23.8,437.9,07:18,0.0528,1.0,2.91,2.61,-0.3,54.0,0.735,0,7-7.5h
lac1-036,lac1,5,Carnegie Mellon University,Spring 2017,Female,0.0,0.0,400.2,6.67,10.6,344.2,05:44,0.0362,0.931,2.93,3.06,0.13,49.0,-0.139,0,6.5-7h
lac1-037,lac1,5,Carnegie Mellon University,Spring 2017,Female,0.0,0.0,423.4,7.06,10.5,368.8,06:09,0.1302,0.655,3.21,4.0,0.79,61.0,1.958,0,7-7.5h
lac1-038,lac1,5,Carnegie Mellon University,Spring 2017,Male,0.0,0.0,307.3,5.12,17.8,295.5,04:56,0.2136,0.897,3.4,3.6,0.2,48.0,-0.313,1,<5.5h
lac1-039,lac1,5,Carnegie Mellon University,Spring 2017,Female,0.0,0.0,418.4,6.97,32.8,381.1,06:21,0.1166,0.862,2.5,2.33,-0.17,48.0,-0.313,0,6.5-7h
lac1-040,lac1,5,Carnegie Mellon University,Spring 2017,Male,0.0,0.0,371.7,6.2,42.9,451.0,07:31,2.043,0.379,3.82,3.78,-0.04,57.0,1.259,0,6-6.5h
lac1-041,lac1,5,Carnegie Mellon University,Spring 2017,Female,0.0,0.0,447.7,7.46,19.0,448.3,07:28,0.0903,1.0,3.07,2.43,-0.64,52.0,0.386,0,7-7.5h
lac1-042,lac1,5,Carnegie Mellon University,Spring 2017,Female,0.0,0.0,574.3,9.57,15.8,353.8,05:54,0.0314,1.0,3.49,3.6,0.11,45.0,-0.838,0,7.5h+
lac1-043,lac1,5,Carnegie Mellon University,Spring 2017,Female,0.0,0.0,408.1,6.8,12.1,328.0,05:28,0.093,0.897,4.0,4.0,0.0,53.0,0.56,0,6.5-7h
lac1-044,lac1,5,Carnegie Mellon University,Spring 2017,Male,0.0,0.0,437.6,7.29,24.6,473.0,07:53,0.0348,1.0,3.41,3.19,-0.22,48.0,-0.313,0,7-7.5h
lac1-045,lac1,5,Carnegie Mellon University,Spring 2017,Female,0.0,0.0,397.4,6.62,22.4,353.6,05:54,0.2095,0.862,3.2,3.36,0.16,60.0,1.784,0,6.5-7h
lac1-046,lac1,5,Carnegie Mellon University,Spring 2017,Female,0.0,0.0,432.2,7.2,24.2,458.7,07:39,0.1167,0.862,3.0,3.38,0.38,73.0,4.055,0,7-7.5h
lac1-047,lac1,5,Carnegie Mellon University,Spring 2017,Female,0.0,0.0,379.5,6.32,14.2,423.4,07:03,0.2073,1.0,4.0,3.56,-0.44,50.0,0.036,0,6-6.5h
lac1-048,lac1,5,Carnegie Mellon University,Spring 2017,Male,0.0,0.0,375.8,6.26,28.0,400.6,06:41,0.272,0.862,3.79,3.17,-0.62,54.0,0.735,0,6-6.5h
lac1-049,lac1,5,Carnegie Mellon University,Spring 2017,Female,0.0,0.0,377.8,6.3,23.8,395.7,06:36,0.0945,0.828,4.0,4.0,0.0,50.0,0.036,0,6-6.5h
lac1-050,lac1,5,Carnegie Mellon University,Spring 2017,Male,0.0,0.0,370.5,6.18,27.8,451.7,07:32,0.1101,0.724,3.76,3.38,-0.38,47.0,-0.488,0,6-6.5h
lac1-051,lac1,5,Carnegie Mellon University,Spring 2017,Male,0.0,0.0,456.5,7.61,21.0,316.8,05:17,0.1069,0.966,3.79,3.18,-0.61,49.0,-0.139,0,7.5h+
lac1-052,lac1,5,Carnegie Mellon University,Spring 2017,Male,0.0,0.0,336.0,5.6,20.7,494.1,08:14,0.7776,0.793,1.57,2.67,1.1,54.0,0.735,1,5.5-6h
lac1-053,lac1,5,Carnegie Mellon University,Spring 2017,Female,0.0,1.0,371.3,6.19,106.4,321.6,05:22,0.1528,1.0,3.3,2.94,-0.36,53.0,0.56,0,6-6.5h
lac1-054,lac1,5,Carnegie Mellon University,Spring 2017,Female,0.0,0.0,463.9,7.73,30.6,366.0,06:06,0.4366,0.793,3.71,3.77,0.06,47.0,-0.488,0,7.5h+
lac1-055,lac1,5,Carnegie Mellon University,Spring 2017,Female,0.0,1.0,444.3,7.4,22.1,318.4,05:18,0.2119,0.966,3.71,3.79,0.08,52.0,0.386,0,7-7.5h
lac1-056,lac1,5,Carnegie Mellon University,Spring 2017,Female,0.0,1.0,300.4,5.01,61.3,465.4,07:45,0.1732,1.0,1.95,3.0,1.05,45.0,-0.838,1,<5.5h
lac1-057,lac1,5,Carnegie Mellon University,Spring 2017,Male,0.0,1.0,393.6,6.56,66.4,349.2,05:49,1.8734,0.655,2.15,2.76,0.61,49.0,-0.139,0,6.5-7h
lac1-058,lac1,5,Carnegie Mellon University,Spring 2017,Male,0.0,1.0,382.5,6.37,37.1,539.6,09:00,0.4276,0.966,2.65,3.53,0.88,50.0,0.036,0,6-6.5h
lac1-059,lac1,5,Carnegie Mellon University,Spring 2017,Female,0.0,0.0,344.3,5.74,15.0,560.9,09:21,1.5293,0.793,3.57,3.07,-0.5,63.0,2.308,1,5.5-6h
lac1-060,lac1,5,Carnegie Mellon University,Spring 2017,Female,0.0,0.0,292.1,4.87,9.4,424.0,07:04,0.235,1.0,3.77,2.78,-0.99,57.0,1.259,1,<5.5h
lac1-061,lac1,5,Carnegie Mellon University,Spring 2017,Female,0.0,0.0,477.4,7.96,23.2,346.1,05:46,0.2401,0.966,4.0,4.0,0.0,48.0,-0.313,0,7.5h+
lac1-062,lac1,5,Carnegie Mellon University,Spring 2017,Female,0.0,0.0,424.7,7.08,11.7,346.8,05:47,0.0307,1.0,3.79,4.0,0.21,50.0,0.036,0,7-7.5h
lac1-063,lac1,5,Carnegie Mellon University,Spring 2017,Female,1.0,0.0,360.0,6.0,34.1,372.1,06:12,0.1411,1.0,3.16,3.56,0.4,57.0,1.259,0,6-6.5h
lac1-064,lac1,5,Carnegie Mellon University,Spring 2017,Female,0.0,0.0,442.1,7.37,9.7,424.3,07:04,0.1024,0.966,4.0,4.0,0.0,48.0,-0.313,0,7-7.5h
lac1-065,lac1,5,Carnegie Mellon University,Spring 2017,Female,0.0,0.0,382.2,6.37,2.3,463.6,07:44,0.0648,0.897,3.82,3.76,-0.06,58.0,1.434,0,6-6.5h
lac1-066,lac1,5,Carnegie Mellon University,Spring 2017,,0.0,0.0,367.4,6.12,16.3,405.8,06:46,0.1612,0.931,3.5,3.4,-0.1,53.0,0.56,0,6-6.5h
lac1-067,lac1,5,Carnegie Mellon University,Spring 2017,Female,0.0,0.0,421.5,7.02,46.5,687.5,11:28,1.7758,0.483,3.2,1.69,-1.51,51.0,0.211,0,7-7.5h
lac1-068,lac1,5,Carnegie Mellon University,Spring 2017,Male,0.0,0.0,345.9,5.76,21.7,414.1,06:54,0.0775,0.966,4.0,4.0,0.0,43.0,-1.187,1,5.5-6h
lac1-069,lac1,5,Carnegie Mellon University,Spring 2017,Female,0.0,0.0,367.8,6.13,28.4,560.1,09:20,0.2925,0.828,3.0,3.75,0.75,45.0,-0.838,0,6-6.5h
lac1-070,lac1,5,Carnegie Mellon University,Spring 2017,Female,0.0,0.0,362.9,6.05,18.1,496.6,08:17,0.2625,0.586,2.62,2.46,-0.16,51.0,0.211,0,6-6.5h
lac1-071,lac1,5,Carnegie Mellon University,Spring 2017,Male,1.0,1.0,303.4,5.06,29.5,545.6,09:06,0.9619,0.897,1.91,2.98,1.07,49.0,-0.139,1,<5.5h
lac1-072,lac1,5,Carnegie Mellon University,Spring 2017,Male,0.0,0.0,391.3,6.52,30.8,410.8,06:51,0.1901,0.862,3.29,3.51,0.22,53.0,0.56,0,6.5-7h
lac1-073,lac1,5,Carnegie Mellon University,Spring 2017,Male,0.0,1.0,370.4,6.17,20.2,404.9,06:45,0.055,1.0,3.8,3.22,-0.58,44.0,-1.012,0,6-6.5h
lac1-074,lac1,5,Carnegie Mellon University,Spring 2017,Female,0.0,0.0,393.5,6.56,39.9,376.1,06:16,0.2428,0.793,3.81,3.6,-0.21,49.0,-0.139,0,6.5-7h
lac1-075,lac1,5,Carnegie Mellon University,Spring 2017,Male,0.0,0.0,413.6,6.89,17.7,420.4,07:00,0.045,1.0,3.49,3.54,0.05,42.0,-1.362,0,6.5-7h
lac1-076,lac1,5,Carnegie Mellon University,Spring 2017,Male,0.0,1.0,365.9,6.1,28.2,501.1,08:21,0.2924,0.828,3.72,3.81,0.09,53.0,0.56,0,6-6.5h
lac1-077,lac1,5,Carnegie Mellon University,Spring 2017,Male,0.0,0.0,394.1,6.57,17.1,539.5,09:00,0.322,0.966,3.61,3.38,-0.23,48.0,-0.313,0,6.5-7h
lac1-078,lac1,5,Carnegie Mellon University,Spring 2017,Female,0.0,0.0,443.4,7.39,13.8,367.2,06:07,0.0409,1.0,3.8,4.0,0.2,52.0,0.386,0,7-7.5h
lac1-079,lac1,5,Carnegie Mellon University,Spring 2017,Female,0.0,0.0,348.6,5.81,20.5,434.7,07:15,0.6755,0.931,3.4,3.19,-0.21,60.0,1.784,1,5.5-6h
lac1-080,lac1,5,Carnegie Mellon University,Spring 2017,Male,0.0,0.0,412.5,6.88,14.8,361.1,06:01,0.1295,0.966,3.76,3.55,-0.21,52.0,0.386,0,6.5-7h
lac1-081,lac1,5,Carnegie Mellon University,Spring 2017,Male,0.0,0.0,342.5,5.71,22.0,468.6,07:49,0.1988,0.759,3.76,3.8,0.04,53.0,0.56,1,5.5-6h
lac1-082,lac1,5,Carnegie Mellon University,Spring 2017,Male,0.0,0.0,411.9,6.86,26.1,406.3,06:46,0.3402,0.759,2.91,3.4,0.49,45.0,-0.838,0,6.5-7h
lac1-083,lac1,5,Carnegie Mellon University,Spring 2017,Female,0.0,0.0,422.1,7.04,17.0,414.8,06:55,0.1296,0.931,3.86,3.28,-0.58,60.0,1.784,0,7-7.5h
lac1-084,lac1,5,Carnegie Mellon University,Spring 2017,Female,0.0,1.0,360.7,6.01,33.9,419.7,07:00,0.1657,1.0,3.07,2.4,-0.67,45.0,-0.838,0,6-6.5h
lac1-085,lac1,5,Carnegie Mellon University,Spring 2017,Female,1.0,0.0,338.3,5.64,11.3,362.8,06:03,0.1558,0.828,3.43,3.21,-0.22,43.0,-1.187,1,5.5-6h
lac1-086,lac1,5,Carnegie Mellon University,Spring 2017,Female,0.0,0.0,266.8,4.45,162.7,514.0,08:34,0.7721,0.414,2.98,3.56,0.58,48.0,-0.313,1,<5.5h
lac1-087,lac1,5,Carnegie Mellon University,Spring 2017,Female,0.0,0.0,314.6,5.24,21.4,479.4,07:59,0.1685,1.0,3.61,3.49,-0.12,59.0,1.609,1,<5.5h
lac1-088,lac1,5,Carnegie Mellon University,Spring 2017,Female,0.0,0.0,352.8,5.88,37.5,435.7,07:16,0.1915,0.552,2.33,3.5,1.17,47.0,-0.488,1,5.5-6h
lac1-089,lac1,5,Carnegie Mellon University,Spring 2017,Male,0.0,0.0,442.1,7.37,14.1,580.2,09:40,3.6416,0.379,3.46,3.5,0.04,52.0,0.386,0,7-7.5h
lac1-090,lac1,5,Carnegie Mellon University,Spring 2017,Male,0.0,0.0,416.7,6.95,44.6,384.2,06:24,0.1473,1.0,2.93,3.57,0.64,42.0,-1.362,0,6.5-7h
lac1-091,lac1,5,Carnegie Mellon University,Spring 2017,Female,0.0,0.0,383.3,6.39,26.3,532.0,08:52,0.7065,0.862,3.0,3.6,0.6,45.0,-0.838,0,6-6.5h
lac1-092,lac1,5,Carnegie Mellon University,Spring 2017,Female,0.0,0.0,398.9,6.65,21.5,442.4,07:22,0.2269,0.931,3.39,3.6,0.21,45.0,-0.838,0,6.5-7h
lac1-093,lac1,5,Carnegie Mellon University,Spring 2017,Female,0.0,0.0,460.5,7.68,24.9,324.5,05:24,0.1709,0.931,3.57,2.6,-0.97,45.0,-0.838,0,7.5h+
lac1-094,lac1,5,Carnegie Mellon University,Spring 2017,Male,0.0,1.0,400.7,6.68,60.6,526.5,08:46,0.2969,0.724,2.76,3.23,0.47,49.0,-0.139,0,6.5-7h
lac1-095,lac1,5,Carnegie Mellon University,Spring 2017,Female,0.0,0.0,433.3,7.22,25.4,460.1,07:40,0.2532,0.793,1.21,2.32,1.11,50.0,0.036,0,7-7.5h
lac1-096,lac1,5,Carnegie Mellon University,Spring 2017,Female,0.0,0.0,349.4,5.82,14.4,473.9,07:54,0.2457,0.586,3.39,3.8,0.41,45.0,-0.838,1,5.5-6h
lac1-097,lac1,5,Carnegie Mellon University,Spring 2017,Female,0.0,0.0,402.4,6.71,10.9,349.2,05:49,0.4063,0.828,3.47,3.0,-0.47,54.0,0.735,0,6.5-7h
lac1-098,lac1,5,Carnegie Mellon University,Spring 2017,Female,0.0,0.0,335.9,5.6,72.7,610.7,10:11,1.3834,0.724,3.27,3.03,-0.24,40.0,-1.711,1,5.5-6h
lac1-099,lac1,5,Carnegie Mellon University,Spring 2017,Female,0.0,1.0,300.4,5.01,9.0,469.7,07:50,1.7201,0.552,3.28,1.7,-1.58,53.0,0.56,1,<5.5h
lac1-100,lac1,5,Carnegie Mellon University,Spring 2017,Female,0.0,0.0,413.4,6.89,41.9,386.7,06:27,0.2513,1.0,2.96,3.28,0.32,42.0,-1.362,0,6.5-7h
lac1-101,lac1,5,Carnegie Mellon University,Spring 2017,Male,0.0,0.0,293.5,4.89,31.9,395.2,06:35,0.0931,1.0,4.0,3.77,-0.23,53.0,0.56,1,<5.5h
lac1-102,lac1,5,Carnegie Mellon University,Spring 2017,Female,0.0,0.0,326.5,5.44,34.8,369.3,06:09,0.1346,0.897,3.25,3.4,0.15,45.0,-0.838,1,<5.5h
lac1-103,lac1,5,Carnegie Mellon University,Spring 2017,Female,0.0,0.0,384.8,6.41,20.2,341.0,05:41,0.1047,1.0,3.17,3.05,-0.12,55.0,0.91,0,6-6.5h
lac1-104,lac1,5,Carnegie Mellon University,Spring 2017,Female,0.0,0.0,362.4,6.04,50.6,440.7,07:21,0.1026,0.966,3.0,3.41,0.41,51.0,0.211,0,6-6.5h
lac1-105,lac1,5,Carnegie Mellon University,Spring 2017,Female,0.0,0.0,361.4,6.02,15.3,430.9,07:11,0.1009,0.966,3.52,3.26,-0.26,48.0,-0.313,0,6-6.5h
lac1-106,lac1,5,Carnegie Mellon University,Spring 2017,Female,0.0,0.0,330.5,5.51,37.8,439.8,07:20,0.4339,1.0,3.56,2.98,-0.58,48.0,-0.313,1,5.5-6h
lac1-107,lac1,5,Carnegie Mellon University,Spring 2017,Female,0.0,0.0,399.9,6.66,17.4,358.8,05:59,0.152,0.966,2.67,3.13,0.46,45.0,-0.838,0,6.5-7h
lac1-108,lac1,5,Carnegie Mellon University,Spring 2017,Female,0.0,0.0,401.1,6.68,11.4,420.7,07:01,0.1095,0.897,3.74,3.39,-0.35,52.0,0.386,0,6.5-7h
lac1-109,lac1,5,Carnegie Mellon University,Spring 2017,Male,1.0,1.0,438.6,7.31,48.0,552.3,09:12,0.0986,0.931,2.57,2.4,-0.17,45.0,-0.838,0,7-7.5h
lac1-110,lac1,5,Carnegie Mellon University,Spring 2017,Male,0.0,1.0,398.5,6.64,7.6,379.6,06:20,0.1785,0.69,3.35,3.38,0.03,48.0,-0.313,0,6.5-7h
lac1-111,lac1,5,Carnegie Mellon University,Spring 2017,Female,0.0,0.0,378.2,6.3,38.2,460.7,07:41,0.1733,0.966,3.21,2.49,-0.72,46.0,-0.663,0,6-6.5h
lac1-112,lac1,5,Carnegie Mellon University,Spring 2017,Male,0.0,0.0,375.1,6.25,33.9,461.5,07:42,0.2224,0.862,3.47,3.29,-0.18,41.0,-1.537,0,6-6.5h
lac1-113,lac1,5,Carnegie Mellon University,Spring 2017,Female,1.0,0.0,378.1,6.3,21.7,497.0,08:17,0.2712,0.897,3.29,2.47,-0.82,45.0,-0.838,0,6-6.5h
lac1-114,lac1,5,Carnegie Mellon University,Spring 2017,Female,0.0,1.0,446.1,7.44,23.1,383.2,06:23,0.1767,0.793,3.71,2.83,-0.88,57.0,1.259,0,7-7.5h
lac1-115,lac1,5,Carnegie Mellon University,Spring 2017,Male,0.0,0.0,421.9,7.03,40.9,424.8,07:05,0.196,0.966,2.9,3.36,0.46,45.0,-0.838,0,7-7.5h
lac1-116,lac1,5,Carnegie Mellon University,Spring 2017,Male,0.0,0.0,365.7,6.1,27.6,519.5,08:40,0.2241,1.0,4.0,4.0,0.0,58.0,1.434,0,6-6.5h
lac1-117,lac1,5,Carnegie Mellon University,Spring 2017,Male,0.0,1.0,399.5,6.66,29.5,560.6,09:21,1.9322,0.586,1.94,1.79,-0.15,50.0,0.036,0,6.5-7h
lac1-118,lac1,5,Carnegie Mellon University,Spring 2017,Male,0.0,0.0,465.9,7.77,31.7,592.6,09:53,0.2355,0.966,2.84,3.12,0.28,45.0,-0.838,0,7.5h+
lac1-119,lac1,5,Carnegie Mellon University,Spring 2017,Female,1.0,0.0,359.5,5.99,23.8,444.2,07:24,0.3553,0.828,3.4,3.69,0.29,49.0,-0.139,1,5.5-6h
lac1-120,lac1,5,Carnegie Mellon University,Spring 2017,Female,0.0,0.0,360.6,6.01,23.1,419.1,06:59,0.1372,0.793,3.79,4.0,0.21,45.0,-0.838,0,6-6.5h
lac1-121,lac1,5,Carnegie Mellon University,Spring 2017,Female,1.0,0.0,388.8,6.48,13.8,493.1,08:13,0.1711,0.759,3.21,2.6,-0.61,45.0,-0.838,0,6-6.5h
lac1-122,lac1,5,Carnegie Mellon University,Spring 2017,Female,0.0,0.0,389.7,6.5,14.6,447.9,07:28,0.0894,1.0,3.33,3.74,0.41,58.0,1.434,0,6.5-7h
lac1-123,lac1,5,Carnegie Mellon University,Spring 2017,Female,1.0,0.0,388.6,6.48,47.9,443.0,07:23,0.86,0.483,3.29,2.87,-0.42,45.0,-0.838,0,6-6.5h
lac1-124,lac1,5,Carnegie Mellon University,Spring 2017,Female,0.0,0.0,351.6,5.86,5.1,408.1,06:48,0.1308,0.931,3.5,3.51,0.01,41.0,-1.537,1,5.5-6h
lac1-125,lac1,5,Carnegie Mellon University,Spring 2017,Male,0.0,0.0,454.3,7.57,52.7,423.8,07:04,1.477,0.966,3.79,3.5,-0.29,60.0,1.784,0,7.5h+
lac1-126,lac1,5,Carnegie Mellon University,Spring 2017,Female,0.0,0.0,361.5,6.02,19.9,395.8,06:36,0.0847,0.655,3.74,3.48,-0.26,46.0,-0.663,0,6-6.5h
lac1-127,lac1,5,Carnegie Mellon University,Spring 2017,Female,0.0,0.0,445.6,7.43,31.9,313.4,05:13,0.095,1.0,3.74,3.74,0.0,46.0,-0.663,0,7-7.5h
lac1-128,lac1,5,Carnegie Mellon University,Spring 2017,Female,0.0,0.0,430.8,7.18,18.6,351.1,05:51,0.107,0.276,3.44,3.61,0.17,49.0,-0.139,0,7-7.5h
lac1-129,lac1,5,Carnegie Mellon University,Spring 2017,Female,0.0,0.0,360.9,6.01,22.1,452.6,07:33,0.0608,1.0,3.62,3.81,0.19,54.0,0.735,0,6-6.5h
lac1-130,lac1,5,Carnegie Mellon University,Spring 2017,Male,0.0,0.0,303.8,5.06,11.9,431.1,07:11,0.1568,0.276,3.22,1.38,-1.84,48.0,-0.313,1,<5.5h
lac1-131,lac1,5,Carnegie Mellon University,Spring 2017,Female,0.0,0.0,397.9,6.63,22.7,407.8,06:48,0.2347,0.897,4.0,4.0,0.0,49.0,-0.139,0,6.5-7h
